CREATE TABLE Suppliers (
    supplier_id INT PRIMARY KEY,supplier_name VARCHAR(100),
    supplier_email VARCHAR(100),supplier_status VARCHAR(20) DEFAULT 'ACTIVE',
    supplier_rating DECIMAL(3,2) DEFAULT 5.00,contact_person VARCHAR(100),
    phone VARCHAR(20),address TEXT
);
INSERT INTO Suppliers (supplier_id, supplier_name, supplier_email, supplier_status, supplier_rating, contact_person, phone, address) VALUES
(1, 'Global Electronics Ltd', 'contact@globalelectronics.com', 'ACTIVE', 4.85, 'John Smith', '+1-555-0101', '123 Tech Street, Silicon Valley'),(2, 'Fashion Forward Inc', 'orders@fashionforward.com', 'ACTIVE', 4.62, 'Sarah Johnson', '+1-555-0102', '456 Style Avenue, New York'),(3, 'Home Essentials Co', 'supply@homeessentials.com', 'ACTIVE', 4.73, 'Mike Davis', '+1-555-0103', '789 Comfort Lane, Chicago'),(4, 'Sports Gear Pro', 'logistics@sportsgear.com', 'ACTIVE', 4.91, 'Emily Brown', '+1-555-0104', '321 Athletic Blvd, Denver'),(5, 'Kitchen Dynamics', 'procurement@kitchendyn.com', 'ACTIVE', 4.58, 'David Wilson', '+1-555-0105', '654 Culinary Way, Portland'),(6, 'Tech Innovations', 'sales@techinnovations.com', 'ACTIVE', 4.77, 'Lisa Garcia', '+1-555-0106', '987 Innovation Drive, Austin'),(7, 'Outdoor Adventures', 'orders@outdooradv.com', 'ACTIVE', 4.84, 'Chris Martinez', '+1-555-0107', '147 Nature Trail, Seattle'),(8, 'Beauty Brands United', 'supply@beautybrands.com', 'ACTIVE', 4.56, 'Amanda Taylor', '+1-555-0108', '258 Glamour Street, LA'),
(9, 'Automotive Parts Plus', 'logistics@autoparts.com', 'ACTIVE', 4.69, 'Robert Lee', '+1-555-0109', '369 Motor Avenue, Detroit'),(10, 'Furniture Factory', 'orders@furniturefactory.com', 'ACTIVE', 4.72, 'Jennifer White', '+1-555-0110', '741 Design Boulevard, NC'),(11, 'Digital Solutions Corp', 'contact@digitalsol.com', 'ACTIVE', 4.88, 'Mark Thompson', '+1-555-0111', '852 Binary Lane, Boston'),(12, 'Textile Masters', 'supply@textilemas.com', 'ACTIVE', 4.63, 'Patricia Clark', '+1-555-0112', '963 Fabric Street, Atlanta'),(13, 'Health Products Inc', 'orders@healthprod.com', 'ACTIVE', 4.79, 'Thomas Anderson', '+1-555-0113', '159 Wellness Way, Phoenix'),(14, 'Toy Wonderland', 'logistics@toywonder.com', 'ACTIVE', 4.67, 'Maria Rodriguez', '+1-555-0114', '357 Fun Avenue, Orlando'),(15, 'Office Supplies Direct', 'supply@officesupplies.com', 'ACTIVE', 4.74, 'James Miller', '+1-555-0115', '486 Business Park, Houston'),(16, 'Garden Paradise', 'orders@gardenparadise.com', 'ACTIVE', 4.81, 'Susan Davis', '+1-555-0116', '572 Green Thumb Drive, Portland'),
(17, 'Pet Care Products', 'contact@petcareproducts.com', 'ACTIVE', 4.59, 'Michael Johnson', '+1-555-0117', '683 Animal Lane, Denver'),(18, 'Musical Instruments Co', 'supply@musicalinst.com', 'ACTIVE', 4.76, 'Karen Wilson', '+1-555-0118', '794 Harmony Street, Nashville'),(19, 'Craft Supplies Central', 'orders@craftsupplies.com', 'ACTIVE', 4.68, 'Brian Garcia', '+1-555-0119', '815 Creative Boulevard, Seattle'),(20, 'Industrial Equipment Ltd', 'logistics@industrialeq.com', 'ACTIVE', 4.82, 'Linda Martinez', '+1-555-0120', '926 Manufacturing Drive, Cleveland')(21, 'Eco Friendly Products', 'contact@ecofriendly.com', 'ACTIVE', 4.89, 'Daniel Taylor', '+1-555-0121', '123 Green Earth Way, San Francisco'),(22, 'Luxury Goods International', 'supply@luxurygoods.com', 'ACTIVE', 4.93, 'Michelle Brown', '+1-555-0122', '456 Prestige Avenue, Miami'),(23, 'Baby Care Essentials', 'orders@babycare.com', 'ACTIVE', 4.71, 'Kevin Lee', '+1-555-0123', '789 Nursery Lane, Minneapolis'),(24, 'Travel Accessories Plus', 'logistics@travelacc.com', 'ACTIVE', 4.66, 'Rachel White', '+1-555-0124', '321 Journey Street, Las Vegas'),(25, 'Gaming World', 'contact@gamingworld.com', 'ACTIVE', 4.85, 'Andrew Clark', '+1-555-0125', '654 Console Boulevard, San Diego'),(26, 'Book Publishers United', 'supply@bookpub.com', 'ACTIVE', 4.57, 'Nicole Anderson', '+1-555-0126', '987 Literature Lane, New York'),(27, 'Art Supplies Direct', 'orders@artsupplies.com', 'ACTIVE', 4.78, 'Steven Rodriguez', '+1-555-0127', '147 Canvas Street, Chicago'),(28, 'Cleaning Products Co', 'logistics@cleaningprod.com', 'ACTIVE', 4.64, 'Kimberly Miller', '+1-555-0128', '258 Sparkle Avenue, Phoenix'),
(29, 'Safety Equipment Inc', 'contact@safetyequip.com', 'ACTIVE', 4.87, 'Joshua Davis', '+1-555-0129', '369 Protection Drive, Houston'),(30, 'Party Supplies Central', 'supply@partysupplies.com', 'ACTIVE', 4.61, 'Amy Johnson', '+1-555-0130', '741 Celebration Way, Orlando'),(31, 'Organic Foods Ltd', 'orders@organicfoods.com', 'ACTIVE', 4.92, 'Timothy Wilson', '+1-555-0131', '852 Natural Path, Portland'),(32, 'Construction Materials', 'logistics@constructmat.com', 'ACTIVE', 4.75, 'Melissa Garcia', '+1-555-0132', '963 Building Boulevard, Denver'),(33, 'Marine Supplies', 'contact@marinesupplies.com', 'ACTIVE', 4.69, 'Charles Martinez', '+1-555-0133', '159 Harbor Lane, Seattle'),(34, 'Photography Equipment', 'supply@photoequip.com', 'ACTIVE', 4.83, 'Deborah Taylor', '+1-555-0134', '357 Shutter Street, LA'),(35, 'Seasonal Decorations', 'orders@seasonaldec.com', 'ACTIVE', 4.56, 'Christopher Brown', '+1-555-0135', '486 Holiday Avenue, Boston'),(36, 'Medical Supplies Direct', 'logistics@medicalsup.com', 'ACTIVE', 4.94, 'Sarah Lee', '+1-555-0136', '572 Health Drive, Cleveland'),
(37, 'Jewelry Components', 'contact@jewelrycomp.com', 'ACTIVE', 4.72, 'Matthew White', '+1-555-0137', '683 Sparkle Lane, Miami'),(38, 'Packaging Solutions', 'supply@packagingsol.com', 'ACTIVE', 4.68, 'Jennifer Clark', '+1-555-0138', '794 Wrap Street, Minneapolis'),(39, 'Scientific Instruments', 'orders@scientificinst.com', 'ACTIVE', 4.86, 'David Anderson', '+1-555-0139', '815 Discovery Boulevard, Austin'),(40, 'Electrical Components', 'logistics@electricalcomp.com', 'ACTIVE', 4.77, 'Lisa Rodriguez', '+1-555-0140', '926 Circuit Drive, Detroit'),
(41, 'Fitness Equipment Pro', 'contact@fitnessequip.com', 'ACTIVE', 4.81, 'Robert Miller', '+1-555-0141', '123 Workout Way, Phoenix'),(42, 'Wedding Supplies Inc', 'supply@weddingsup.com', 'ACTIVE', 4.65, 'Karen Davis', '+1-555-0142', '456 Romance Avenue, Vegas'),(43, 'Agricultural Tools', 'orders@agritools.com', 'ACTIVE', 4.73, 'Michael Johnson', '+1-555-0143', '789 Farm Lane, Iowa'),(44, 'Renewable Energy Parts', 'logistics@renewableparts.com', 'ACTIVE', 4.89, 'Patricia Wilson', '+1-555-0144', '321 Solar Street, California'),(45, 'Vintage Collectibles', 'contact@vintagecoll.com', 'ACTIVE', 4.58, 'James Garcia', '+1-555-0145', '654 Antique Boulevard, Vermont'),(46, 'Lab Equipment Supply', 'supply@labequipsup.com', 'ACTIVE', 4.91, 'Linda Martinez', '+1-555-0146', '987 Research Drive, Boston'),
(47, 'Fire Safety Products', 'orders@firesafety.com', 'ACTIVE', 4.84, 'Daniel Taylor', '+1-555-0147', '147 Safety Lane, Houston'),(48, 'Aquarium Supplies', 'logistics@aquariumsup.com', 'ACTIVE', 4.67, 'Michelle Brown', '+1-555-0148', '258 Aquatic Avenue, Florida'),(49, 'Robotics Components', 'contact@roboticscomp.com', 'ACTIVE', 4.88, 'Kevin Lee', '+1-555-0149', '369 Automation Drive, Silicon Valley'),(50, 'Hospitality Equipment', 'supply@hospitalityeq.com', 'ACTIVE', 4.74, 'Rachel White', '+1-555-0150', '741 Service Boulevard, Vegas'),(51, 'Advanced Materials Corp', 'orders@advancedmat.com', 'ACTIVE', 4.79, 'Andrew Clark', '+1-555-0151', '852 Innovation Path, Colorado'),(52, 'Environmental Solutions', 'logistics@envsolutions.com', 'ACTIVE', 4.62, 'Nicole Anderson', '+1-555-0152', '963 Earth Lane, Oregon'),(53, 'Smart Technology Inc', 'contact@smarttech.com', 'ACTIVE', 4.87, 'Steven Rodriguez', '+1-555-0153', '159 Connected Street, Austin'),(54, 'Biotech Supplies', 'supply@biotechsup.com', 'ACTIVE', 4.95, 'Kimberly Miller', '+1-555-0154', '357 Innovation Avenue, Boston'),(55, 'Aerospace Components', 'orders@aerospacecomp.com', 'ACTIVE', 4.92, 'Joshua Davis', '+1-555-0155', '486 Cosmos Drive, Houston'),(56, 'Marine Equipment Co', 'logistics@marineequip.com', 'ACTIVE', 4.71, 'Amy Johnson', '+1-555-0156', '572 Deep Sea Lane, California'),
(57, 'Energy Solutions Ltd', 'contact@energysol.com', 'ACTIVE', 4.83, 'Timothy Wilson', '+1-555-0157', '683 Power Street, Texas'),(58, 'Precision Instruments', 'supply@precisioninst.com', 'ACTIVE', 4.94, 'Melissa Garcia', '+1-555-0158', '794 Precision Boulevard, MIT'),(59, 'Computing Solutions', 'orders@computingsol.com', 'ACTIVE', 4.96, 'Charles Martinez', '+1-555-0159', '815 Computing Lane, IBM'),(60, 'Virtual Reality Systems', 'logistics@vrsystems.com', 'ACTIVE', 4.85, 'Deborah Taylor', '+1-555-0160', '926 VR Drive, California'),(61, 'Security Solutions', 'contact@securitysol.com', 'ACTIVE', 4.78, 'Christopher Brown', '+1-555-0161', '123 Security Street, New York'),(62, 'AI Technologies', 'supply@aitech.com', 'ACTIVE', 4.91, 'Sarah Lee', '+1-555-0162', '456 Neural Avenue, Silicon Valley'),(63, 'Sensor Technologies', 'orders@sensortech.com', 'ACTIVE', 4.76, 'Matthew White', '+1-555-0163', '789 Sensor Boulevard, Austin'),(64, 'Manufacturing Tech', 'logistics@manuftech.com', 'ACTIVE', 4.82, 'Jennifer Clark', '+1-555-0164', '321 Production Lane, Colorado'),(65, 'Display Technologies', 'contact@displaytech.com', 'ACTIVE', 4.87, 'David Anderson', '+1-555-0165', '654 Display Drive, California'),(66, 'Electric Systems', 'supply@electricsys.com', 'ACTIVE', 4.89, 'Lisa Rodriguez', '+1-555-0166', '987 Electric Avenue, Tesla City'),(67, 'Automated Systems', 'orders@automatedsys.com', 'ACTIVE', 4.93, 'Robert Miller', '+1-555-0167', '147 Automation Lane, Detroit'),(68, 'Cloud Technologies', 'logistics@cloudtech.com', 'ACTIVE', 4.88, 'Karen Davis', '+1-555-0168', '258 Cloud Street, Seattle'),(69, 'Edge Computing Corp', 'contact@edgecomp.com', 'ACTIVE', 4.84, 'Michael Johnson', '+1-555-0169', '369 Edge Boulevard, Austin'),(70, 'Cyber Solutions', 'supply@cybersol.com', 'ACTIVE', 4.92, 'Patricia Wilson', '+1-555-0170', '741 Cyber Drive, Virginia'),(71, 'Learning Systems', 'orders@learningsys.com', 'ACTIVE', 4.95, 'James Garcia', '+1-555-0171', '852 Learning Lane, Silicon Valley'),(72, 'Digital Solutions', 'logistics@digitalsol.com', 'ACTIVE', 4.86, 'Linda Martinez', '+1-555-0172', '963 Digital Street, Boston'),(73, 'Projection Systems', 'contact@projectionsys.com', 'ACTIVE', 4.79, 'Daniel Taylor', '+1-555-0173', '159 Projection Avenue, LA'),(74, 'Identity Systems', 'supply@identitysys.com', 'ACTIVE', 4.88, 'Michelle Brown', '+1-555-0174', '357 Identity Lane, Washington'),(75, 'Quantum Technologies', 'orders@quantumtech.com', 'ACTIVE', 4.97, 'Kevin Lee', '+1-555-0175', '486 Quantum Drive, MIT'),(76, 'Interface Technologies', 'logistics@interfacetech.com', 'ACTIVE', 4.94, 'Rachel White', '+1-555-0176', '572 Interface Blvd, Stanford'),
(77, 'Bio Solutions', 'contact@biosol.com', 'ACTIVE', 4.91, 'Andrew Clark', '+1-555-0177', '683 Bio Lane, Harvard'),(78, 'Material Sciences', 'supply@materialscience.com', 'ACTIVE', 4.89, 'Nicole Anderson', '+1-555-0178', '794 Material Street, MIT'),(79, 'Energy Technologies', 'orders@energytech.com', 'ACTIVE', 4.96, 'Steven Rodriguez', '+1-555-0179', '815 Energy Drive, Princeton'),(80, 'Space Technologies', 'logistics@spacetech.com', 'ACTIVE', 4.93, 'Kimberly Miller', '+1-555-0180', '926 Space Lane, SpaceX'),(81, 'Genetic Solutions', 'contact@geneticsol.com', 'ACTIVE', 4.92, 'Joshua Davis', '+1-555-0181', '123 Genetic Street, CRISPR Labs')(82, 'Molecular Systems', 'supply@molecularsys.com', 'ACTIVE', 4.95, 'Amy Johnson', '+1-555-0182', '456 Molecular Avenue, IBM Research'),(83, 'Photonic Systems', 'orders@photonicsys.com', 'ACTIVE', 4.91, 'Timothy Wilson', '+1-555-0183', '789 Photon Boulevard, Intel'),(84, 'Superconductor Tech', 'logistics@superconductortech.com', 'ACTIVE', 4.94, 'Melissa Garcia', '+1-555-0184', '321 Superconductor Lane, IBM'),(85, 'Temporal Technologies', 'contact@temporaltech.com', 'ACTIVE', 4.98, 'Charles Martinez', '+1-555-0185', '654 Temporal Drive, Google'),(86, 'Stealth Technologies', 'supply@stealthtech.com', 'ACTIVE', 4.87, 'Deborah Taylor', '+1-555-0186', '987 Stealth Avenue, Lockheed'),
(87, 'Quantum Transport', 'orders@quantumtransport.com', 'ACTIVE', 4.96, 'Christopher Brown', '+1-555-0187', '147 Quantum Lane, CalTech'),(88, 'Gravity Systems', 'logistics@gravitysys.com', 'ACTIVE', 4.99, 'Sarah Lee', '+1-555-0188', '258 Gravity Street, NASA'),(89, 'Spacetime Technologies', 'contact@spacetimetech.com', 'ACTIVE', 4.97, 'Matthew White', '+1-555-0189', '369 Spacetime Boulevard, CERN'),(90, 'Dark Matter Systems', 'supply@darkmatter.com', 'ACTIVE', 4.95, 'Jennifer Clark', '+1-555-0190', '741 Dark Energy Drive, Fermilab'),(91, 'Dimensional Tech', 'orders@dimensionaltech.com', 'ACTIVE', 4.93, 'David Anderson', '+1-555-0191', '852 Dimension Lane, CERN'),(92, 'Reality Systems', 'logistics@realitysys.com', 'ACTIVE', 4.96, 'Lisa Rodriguez', '+1-555-0192', '963 Reality Street, Quantum Labs'),(93, 'Consciousness Tech', 'contact@consciousnesstech.com', 'ACTIVE', 4.89, 'Robert Miller', '+1-555-0193', '159 Consciousness Avenue, Neuralink'),(94, 'Probability Systems', 'supply@probabilitysys.com', 'ACTIVE', 4.92, 'Karen Davis', '+1-555-0194', '357 Probability Boulevard, IBM'),(95, 'Entropy Solutions', 'orders@entropysol.com', 'ACTIVE', 4.94, 'Michael Johnson', '+1-555-0195', '486 Entropy Drive, MIT'),(96, 'Parallel Systems', 'logistics@parallelsys.com', 'ACTIVE', 4.97, 'Patricia Wilson', '+1-555-0196', '572 Parallel Lane, Stanford'),(97, 'Time Systems', 'contact@timesys.com', 'ACTIVE', 4.98, 'James Garcia', '+1-555-0197', '683 Time Avenue, CERN'),(98, 'Translation Systems', 'supply@translationsys.com', 'ACTIVE', 4.91, 'Linda Martinez', '+1-555-0198', '794 Translation Street, Google AI'),(99, 'Future Tech Corp', 'orders@futuretech.com', 'ACTIVE', 4.75, 'Future Manager', '+1-555-0199', '999 Future Street, Tomorrow City'),(100, 'Innovation Labs', 'supply@innovationlabs.com', 'ACTIVE', 4.80, 'Innovation Director', '+1-555-0200', '100 Innovation Boulevard, Tech Valley');
CREATE TABLE Categories (
    category_id INT PRIMARY KEY,category_name VARCHAR(100),
    category_description TEXT,parent_category_id INT
);
INSERT INTO Categories (category_id, category_name, category_description, parent_category_id) VALUES(1, 'Electronics', 'Electronic devices and components', NULL),(2, 'Clothing & Fashion', 'Apparel and fashion accessories', NULL),
(3, 'Home & Kitchen', 'Home appliances and kitchen essentials', NULL),(4, 'Sports & Outdoors', 'Sports equipment and outdoor gear', NULL),(5, 'Kitchen Appliances', 'Cooking and food preparation devices', 3),(6, 'Computing', 'Computers and related technology', 1),
(7, 'Outdoor Gear', 'Equipment for outdoor activities', 4),(8, 'Beauty & Personal Care', 'Cosmetics and personal hygiene products', NULL),(9, 'Automotive', 'Car parts and automotive accessories', NULL),(10, 'Furniture', 'Home and office furniture', NULL),(11, 'Audio & Video', 'Sound and video equipment', 1),(12, 'Textiles', 'Fabrics and textile products', 2),(13, 'Health & Wellness', 'Health supplements and wellness products', NULL),(14, 'Toys & Games', 'Children toys and gaming products', NULL),
(15, 'Office Supplies', 'Business and office equipment', NULL),(16, 'Garden & Outdoor', 'Gardening tools and outdoor equipment', NULL),(17, 'Pet Supplies', 'Pet food and accessories', NULL),(18, 'Musical Instruments', 'Music instruments and accessories', NULL),(19, 'Arts & Crafts', 'Art supplies and craft materials', NULL),(20, 'Industrial', 'Industrial equipment and tools', NULL),(21, 'Eco-Friendly', 'Environmental and sustainable products', NULL),(22, 'Luxury Goods', 'Premium and luxury items', NULL),(23, 'Baby & Kids', 'Baby care and children products', NULL),(24, 'Travel', 'Travel accessories and luggage', NULL),(25, 'Gaming', 'Video games and gaming equipment', 1),(26, 'Books & Media', 'Books, magazines, and media content', NULL),(27, 'Art Supplies', 'Professional art materials', 19),(28, 'Cleaning', 'Cleaning products and supplies', NULL),(29, 'Safety', 'Safety equipment and protective gear', NULL),(30, 'Party Supplies', 'Party decorations and supplies', NULL),(31, 'Organic Foods', 'Organic and natural food products', NULL),(32, 'Construction', 'Building materials and construction tools', NULL),(33, 'Marine', 'Boat and marine equipment', NULL),(34, 'Photography', 'Camera equipment and photography gear', 1),(35, 'Seasonal', 'Holiday and seasonal decorations', NULL),(36, 'Medical', 'Medical equipment and supplies', NULL),(37, 'Jewelry', 'Jewelry and precious accessories', NULL),(38, 'Packaging', 'Packaging materials and supplies', NULL),
(39, 'Scientific', 'Laboratory and scientific instruments', NULL),(40, 'Electrical', 'Electrical components and supplies', NULL),(41, 'Fitness', 'Exercise equipment and fitness gear', 4),(42, 'Wedding', 'Wedding supplies and decorations', NULL),(43, 'Agriculture', 'Farming tools and agricultural equipment', NULL),(44, 'Renewable Energy', 'Solar, wind, and renewable energy products', NULL),(45, 'Collectibles', 'Vintage and collectible items', NULL),(46, 'Laboratory', 'Lab equipment and research tools', 39),(47, 'Fire Safety', 'Fire prevention and safety equipment', 29),(48, 'Aquarium', 'Fish tanks and aquarium supplies', 17),(49, 'Robotics', 'Robot parts and automation equipment', 1),(50, 'Hospitality', 'Hotel and restaurant equipment', NULL),(51, 'Advanced Materials', 'High-tech materials and composites', NULL),(52, 'Environmental', 'Environmental protection products', 21),
(53, 'Smart Home', 'Home automation and smart devices', 3),(54, 'Biotechnology', 'Biotech equipment and supplies', 39),(55, 'Aerospace', 'Space and aviation components', NULL),(56, 'Marine Equipment', 'Professional marine gear', 33),(57, 'Energy Systems', 'Power generation and distribution', 44),(58, 'Precision Tools', 'High-precision instruments', 39),(59, 'Computing Hardware', 'Computer components and systems', 6),(60, 'Virtual Reality', 'VR and AR equipment', 25),
(61, 'Security Systems', 'Security and surveillance equipment', NULL),(62, 'Artificial Intelligence', 'AI hardware and components', 59),(63, 'Sensors', 'Various sensor technologies', 1),(64, 'Manufacturing', '3D printing and manufacturing tools', NULL),(65, 'Display Technology', 'Screens and display systems', 11),(66, 'Electric Vehicles', 'EV parts and components', 9),(67, 'Automation', 'Automated systems and controls', 49),(68, 'Cloud Computing', 'Cloud infrastructure equipment', 59),
(69, 'Edge Computing', 'Edge computing devices', 68),(70, 'Cybersecurity', 'Security software and hardware', 61),(71, 'Machine Learning', 'ML hardware and systems', 62),(72, 'Digital Twin', 'Digital modeling systems', 59),(73, 'Holographic', 'Hologram projection systems', 65),(74, 'Biometric', 'Identity verification systems', 61),(75, 'Quantum Computing', 'Quantum processing systems', 59),(76, 'Neural Interface', 'Brain-computer interfaces', 62),
(77, 'Synthetic Biology', 'Bio-engineering tools', 54),(78, 'Metamaterials', 'Advanced engineered materials', 51),(79, 'Fusion Energy', 'Nuclear fusion components', 57),(80, 'Space Mining', 'Asteroid mining equipment', 55),(81, 'Gene Editing', 'Genetic modification tools', 77),(82, 'Molecular Computing', 'Molecular-scale computers', 75),(83, 'Photonic Computing', 'Light-based computing', 75),(84, 'Superconductors', 'Superconducting materials', 78),(85, 'Time Crystals', 'Temporal manipulation technology', 78),(86, 'Invisibility', 'Cloaking and stealth technology', 78),(87, 'Quantum Teleportation', 'Quantum transport systems', 75),(88, 'Anti-Gravity', 'Gravitational manipulation', NULL),(89, 'Wormhole Technology', 'Spacetime manipulation', 87),(90, 'Dark Matter', 'Dark matter detection', 75),(91, 'Dimensional Portal', 'Multi-dimensional transport', 89),(92, 'Reality Manipulation', 'Reality alteration technology', NULL),(93, 'Consciousness Transfer', 'Mind uploading technology', 76),(94, 'Probability Engine', 'Probability manipulation', 75),(95, 'Entropy Reversal', 'Thermodynamic reversal', 78),(96, 'Parallel Universe', 'Multi-verse communication', 91),
(97, 'Time Travel', 'Temporal transportation', 85),(98, 'Universal Translation', 'Multi-language AI systems', 62),(99, 'Future Category', 'Upcoming technology category', NULL),(100, 'Innovation Category', 'Cutting-edge innovations', NULL);
CREATE TABLE Inventory (
    inventory_id INT PRIMARY KEY,product_name VARCHAR(100),
    category_id INT,supplier_id INT,
    current_stock INT DEFAULT 0,reorder_level INT DEFAULT 50,
    max_stock_level INT DEFAULT 1000,unit_cost DECIMAL(10,2),
    last_restock_date DATE,FOREIGN KEY (supplier_id) REFERENCES Suppliers(supplier_id),
    FOREIGN KEY (category_id) REFERENCES Categories(category_id)
);
INSERT INTO Inventory (inventory_id, product_name, category_id, supplier_id, current_stock, reorder_level, max_stock_level, unit_cost, last_restock_date) VALUES(1, 'Smartphone Galaxy S24', 1, 1, 150, 20, 500, 699.99, '2024-01-15'),(2, 'Designer Jeans Premium', 2, 2, 75, 15, 300, 89.99, '2024-01-20'),(3, 'Coffee Maker Deluxe', 3, 3, 45, 10, 200, 129.99, '2024-01-18'),(4, 'Running Shoes Pro', 4, 4, 120, 25, 400, 149.99, '2024-01-22'),(5, 'Blender Kitchen Master', 5, 5, 35, 8, 150, 79.99, '2024-01-16'),(6, 'Laptop Gaming Elite', 6, 6, 85, 15, 250, 1299.99, '2024-01-25'),(7, 'Hiking Backpack Pro', 7, 7, 65, 12, 180, 199.99, '2024-01-19'),(8, 'Face Cream Luxury', 8, 8, 200, 40, 600, 49.99, '2024-01-21'),
(9, 'Car Battery Heavy Duty', 9, 9, 55, 10, 150, 159.99, '2024-01-17'),(10, 'Office Chair Ergonomic', 10, 10, 40, 8, 120, 299.99, '2024-01-23'),(11, 'Wireless Headphones', 11, 11, 180, 30, 500, 199.99, '2024-01-14'),(12, 'Silk Scarf Designer', 12, 12, 90, 18, 300, 59.99, '2024-01-26'),(13, 'Vitamin C Tablets', 13, 13, 300, 50, 800, 24.99, '2024-01-20'),(14, 'LEGO Castle Set', 14, 14, 25, 5, 100, 89.99, '2024-01-18'),(15, 'Printer Inkjet Pro', 15, 15, 60, 12, 200, 199.99, '2024-01-24'),(16, 'Garden Hose Premium', 16, 16, 80, 15, 250, 39.99, '2024-01-16'),
(17, 'Dog Food Premium', 17, 17, 150, 30, 500, 34.99, '2024-01-22'),(18, 'Electric Guitar', 18, 18, 20, 4, 80, 599.99, '2024-01-19'),(19, 'Acrylic Paint Set', 19, 19, 110, 20, 350, 29.99, '2024-01-21'),(20, 'Welding Machine Industrial', 20, 20, 15, 3, 60, 899.99, '2024-01-17'),
(21, 'Bamboo Plates Eco', 21, 21, 200, 40, 600, 19.99, '2024-01-23'),(22, 'Diamond Necklace', 22, 22, 5, 1, 20, 2999.99, '2024-01-15'),(23, 'Baby Stroller Deluxe', 23, 23, 30, 6, 100, 249.99, '2024-01-25'),(24, 'Rolling Suitcase Pro', 24, 24, 75, 15, 250, 129.99, '2024-01-18'),(25, 'Gaming Console Next-Gen', 25, 25, 100, 20, 300, 499.99, '2024-01-20'),(26, 'Mystery Novel Bestseller', 26, 26, 250, 50, 750, 14.99, '2024-01-24'),(27, 'Oil Paint Professional', 27, 27, 85, 17, 280, 49.99, '2024-01-16'),(28, 'All-Purpose Cleaner', 28, 28, 180, 35, 550, 8.99, '2024-01-22'),
(29, 'Safety Helmet Construction', 29, 29, 120, 25, 400, 34.99, '2024-01-19'),(30, 'Party Balloons Assorted', 30, 30, 500, 100, 1500, 2.99, '2024-01-21'),(31, 'Organic Quinoa', 31, 31, 80, 16, 250, 12.99, '2024-01-17'),(32, 'Cement Bag Industrial', 32, 32, 200, 40, 600, 6.99, '2024-01-23'),(33, 'Marine Rope Heavy Duty', 33, 33, 60, 12, 200, 24.99, '2024-01-15'),(34, 'Camera Lens Telephoto', 34, 34, 35, 7, 120, 799.99, '2024-01-25'),(35, 'Christmas Lights LED', 35, 35, 150, 30, 500, 19.99, '2024-01-18'),(36, 'Surgical Gloves Sterile', 36, 36, 1000, 200, 3000, 0.99, '2024-01-20'),
(37, 'Gold Chain 18K', 37, 37, 12, 2, 50, 599.99, '2024-01-24'),(38, 'Bubble Wrap Roll', 38, 38, 300, 60, 900, 15.99, '2024-01-16'),(39, 'Microscope Digital', 39, 39, 18, 4, 70, 1299.99, '2024-01-22'),(40, 'Wire Electrical Copper', 40, 40, 500, 100, 1500, 3.99, '2024-01-19'),(41, 'Treadmill Professional', 41, 41, 25, 5, 80, 1999.99, '2024-01-21'),(42, 'Wedding Dress Size 8', 42, 42, 8, 2, 30, 899.99, '2024-01-17'),(43, 'Tractor Attachment Plow', 43, 43, 12, 3, 40, 1599.99, '2024-01-23'),(44, 'Solar Panel 300W', 44, 44, 45, 9, 150, 249.99, '2024-01-15'),(45, 'Vintage Vinyl Record', 45, 45, 75, 15, 250, 29.99, '2024-01-25'),(46, 'Lab Beaker Set', 46, 46, 100, 20, 300, 89.99, '2024-01-18'),(47, 'Fire Extinguisher CO2', 47, 47, 80, 16, 250, 79.99, '2024-01-20'),(48, 'Aquarium Filter Pro', 48, 48, 65, 13, 200, 59.99, '2024-01-24'),
(49, 'Robot Servo Motor', 49, 49, 200, 40, 600, 39.99, '2024-01-16'),(50, 'Hotel Towel Set', 50, 50, 150, 30, 500, 24.99, '2024-01-22'),(51, 'Composite Material Sheet', 51, 51, 40, 8, 120, 799.99, '2024-01-19'),(52, 'Biodegradable Cups', 52, 52, 400, 80, 1200, 4.99, '2024-01-21'),(53, 'Smart Thermostat', 53, 53, 85, 17, 280, 199.99, '2024-01-17'),(54, 'DNA Sequencer Kit', 54, 54, 15, 3, 50, 4999.99, '2024-01-23'),(55, 'Satellite Dish Commercial', 55, 55, 20, 4, 70, 1299.99, '2024-01-15'),(56, 'Diving Suit Professional', 56, 56, 25, 5, 80, 899.99, '2024-01-25'),
(57, 'Wind Turbine Blade', 57, 57, 8, 2, 30, 9999.99, '2024-01-18'),(58, 'Nanoparticle Analyzer', 58, 58, 5, 1, 20, 49999.99, '2024-01-20'),(59, 'Quantum Computer Chip', 59, 59, 3, 1, 10, 99999.99, '2024-01-24'),(60, 'VR Headset Enterprise', 60, 60, 50, 10, 150, 1999.99, '2024-01-16'),(61, 'Blockchain Server Rack', 61, 61, 12, 3, 40, 15999.99, '2024-01-22'),(62, 'AI Processing Unit', 62, 62, 30, 6, 100, 7999.99, '2024-01-19'),
(63, 'IoT Temperature Sensor', 63, 63, 300, 60, 900, 19.99, '2024-01-21'),(64, '3D Printer Filament PLA', 64, 64, 150, 30, 500, 24.99, '2024-01-17'),(65, 'AR Glasses Consumer', 65, 65, 75, 15, 250, 599.99, '2024-01-23'),(66, 'Electric Car Battery Pack', 66, 66, 20, 4, 70, 12999.99, '2024-01-15'),(67, 'Autonomous Vehicle Lidar', 67, 67, 15, 3, 50, 19999.99, '2024-01-25'),(68, 'Cloud Storage Server', 68, 68, 25, 5, 80, 8999.99, '2024-01-18'),(69, 'Edge Computing Node', 69, 69, 40, 8, 120, 3999.99, '2024-01-20'),(70, 'Cybersecurity Firewall', 70, 70, 60, 12, 200, 2999.99, '2024-01-24'),(71, 'ML Training GPU', 71, 71, 35, 7, 120, 14999.99, '2024-01-16'),(72, 'Digital Twin Platform', 72, 72, 18, 4, 60, 24999.99, '2024-01-22'),(73, 'Hologram Projector', 73, 73, 22, 5, 80, 9999.99, '2024-01-19'),(74, 'Biometric Scanner Advanced', 74, 74, 45, 9, 150, 1999.99, '2024-01-21'),
(75, 'Quantum Sensor Array', 75, 75, 8, 2, 30, 149999.99, '2024-01-17'),(76, 'Neural Interface Implant', 76, 76, 5, 1, 20, 299999.99, '2024-01-23'),(77, 'Synthetic Biology Reactor', 77, 77, 12, 3, 40, 99999.99, '2024-01-15'),(78, 'Metamaterial Sheet', 78, 78, 100, 20, 300, 4999.99, '2024-01-25'),(79, 'Fusion Reactor Component', 79, 79, 3, 1, 10, 999999.99, '2024-01-18'),(80, 'Space Mining Drill', 80, 80, 6, 2, 20, 499999.99, '2024-01-20'),
(81, 'Gene Editor CRISPR Kit', 81, 81, 15, 3, 50, 19999.99, '2024-01-24'),(82, 'Molecular Computer Core', 82, 82, 10, 2, 30, 199999.99, '2024-01-16'),(83, 'Photonic Processor Chip', 83, 83, 25, 5, 80, 49999.99, '2024-01-22'),(84, 'Superconductor Wire', 84, 84, 50, 10, 150, 9999.99, '2024-01-19'),(85, 'Time Crystal Oscillator', 85, 85, 2, 1, 8, 1999999.99, '2024-01-21'),(86, 'Invisibility Metamaterial', 86, 86, 4, 1, 15, 599999.99, '2024-01-17'),(87, 'Quantum Teleporter', 87, 87, 1, 1, 5, 4999999.99, '2024-01-23'),(88, 'Anti-Gravity Generator', 88, 88, 1, 1, 3, 9999999.99, '2024-01-15'),
(89, 'Wormhole Stabilizer', 89, 89, 1, 1, 2, 19999999.99, '2024-01-25'),(90, 'Dark Matter Detector', 90, 90, 2, 1, 5, 14999999.99, '2024-01-18'),(91, 'Dimensional Portal Device', 91, 91, 1, 1, 3, 29999999.99, '2024-01-20'),(92, 'Reality Manipulation Tool', 92, 92, 1, 1, 2, 49999999.99, '2024-01-24'),
(93, 'Consciousness Transfer Pod', 93, 93, 2, 1, 5, 39999999.99, '2024-01-16'),(94, 'Probability Engine Core', 94, 94, 3, 1, 8, 24999999.99, '2024-01-22'),(95, 'Entropy Reverser Unit', 95, 95, 2, 1, 5, 34999999.99, '2024-01-19'),(96, 'Parallel Communicator', 96, 96, 1, 1, 3, 44999999.99, '2024-01-21'),(97, 'Time Machine Core', 97, 97, 1, 1, 2, 99999999.99, '2024-01-17'),(98, 'Universal Translator', 98, 98, 5, 1, 15, 4999999.99, '2024-01-23'),(99, 'Future Product Alpha', 99, 99, 100, 20, 300, 999.99, '2024-01-15'),(100, 'Innovation Device Beta', 100, 100, 150, 30, 500, 1499.99, '2024-01-25');
CREATE TABLE Purchase_Orders (
    order_id INT PRIMARY KEY,supplier_id INT,order_date DATE,expected_delivery_date DATE,
    order_status VARCHAR(20) DEFAULT 'PENDING',total_amount DECIMAL(12,2),priority_level VARCHAR(10) DEFAULT 'MEDIUM',FOREIGN KEY (supplier_id) REFERENCES Suppliers(supplier_id)
);
INSERT INTO Purchase_Orders (order_id, supplier_id, order_date, expected_delivery_date, order_status, total_amount, priority_level) VALUES(1, 1, '2024-01-01', '2024-01-15', 'DELIVERED', 104999.85, 'HIGH'),(2, 2, '2024-01-02', '2024-01-16', 'DELIVERED', 6749.25, 'MEDIUM'),(3, 3, '2024-01-03', '2024-01-17', 'DELIVERED', 5849.55, 'MEDIUM'),(4, 4, '2024-01-04', '2024-01-18', 'DELIVERED', 17999.88, 'HIGH'),
(5, 5, '2024-01-05', '2024-01-19', 'DELIVERED', 2799.72, 'LOW'),(6, 6, '2024-01-06', '2024-01-20', 'IN_TRANSIT', 110499.15, 'HIGH'),(7, 7, '2024-01-07', '2024-01-21', 'IN_TRANSIT', 12999.35, 'MEDIUM'),(8, 8, '2024-01-08', '2024-01-22', 'PROCESSING', 9998.00, 'MEDIUM'),
(9, 9, '2024-01-09', '2024-01-23', 'PROCESSING', 8799.45, 'MEDIUM'),(10, 10, '2024-01-10', '2024-01-24', 'PENDING', 11999.60, 'HIGH'),(11, 11, '2024-01-11', '2024-01-25', 'DELIVERED', 35999.82, 'HIGH'),(12, 12, '2024-01-12', '2024-01-26', 'DELIVERED', 5399.10, 'MEDIUM'),
(13, 13, '2024-01-13', '2024-01-27', 'IN_TRANSIT', 7497.00, 'LOW'),(14, 14, '2024-01-14', '2024-01-28', 'IN_TRANSIT', 2249.75, 'LOW'),(15, 15, '2024-01-15', '2024-01-29', 'PROCESSING', 11999.40, 'MEDIUM'),(16, 16, '2024-01-16', '2024-01-30', 'PROCESSING', 3199.20, 'LOW'),(17, 17, '2024-01-17', '2024-01-31', 'PENDING', 5248.50, 'MEDIUM'),(18, 18, '2024-01-18', '2024-02-01', 'PENDING', 11999.80, 'HIGH'),(19, 19, '2024-01-19', '2024-02-02', 'DELIVERED', 3299.89, 'LOW'),(20, 20, '2024-01-20', '2024-02-03', 'DELIVERED', 13499.85, 'HIGH'),(21, 21, '2024-01-21', '2024-02-04', 'IN_TRANSIT', 7996.00, 'MEDIUM'),(22, 22, '2024-01-22', '2024-02-05', 'IN_TRANSIT', 14999.95, 'HIGH'),(23, 23, '2024-01-23', '2024-02-06', 'PROCESSING', 7499.70, 'MEDIUM'),(24, 24, '2024-01-24', '2024-02-07', 'PROCESSING', 9749.25, 'MEDIUM'),(25, 25, '2024-01-25', '2024-02-08', 'PENDING', 49999.00, 'HIGH'),(26, 26, '2024-01-26', '2024-02-09', 'PENDING', 3747.50, 'LOW'),(27, 27, '2024-01-27', '2024-02-10', 'DELIVERED', 4249.15, 'MEDIUM'),(28, 28, '2024-01-28', '2024-02-11', 'DELIVERED', 1618.20, 'LOW'),
(29, 29, '2024-01-29', '2024-02-12', 'IN_TRANSIT', 4198.80, 'MEDIUM'),(30, 30, '2024-01-30', '2024-02-13', 'IN_TRANSIT', 1495.00, 'LOW'),(31, 31, '2024-01-31', '2024-02-14', 'PROCESSING', 1038.40, 'LOW'),(32, 32, '2024-02-01', '2024-02-15', 'PROCESSING', 1398.00, 'LOW'),(33, 33, '2024-02-02', '2024-02-16', 'PENDING', 1499.40, 'MEDIUM'),(34, 34, '2024-02-03', '2024-02-17', 'PENDING', 27999.65, 'HIGH'),(35, 35, '2024-02-04', '2024-02-18', 'DELIVERED', 2998.50, 'LOW'),(36, 36, '2024-02-05', '2024-02-19', 'DELIVERED', 990.00, 'MEDIUM'),
(37, 37, '2024-02-06', '2024-02-20', 'IN_TRANSIT', 7199.88, 'HIGH'),(38, 38, '2024-02-07', '2024-02-21', 'IN_TRANSIT', 4797.00, 'MEDIUM'),(39, 39, '2024-02-08', '2024-02-22', 'PROCESSING', 23399.82, 'HIGH'),(40, 40, '2024-02-09', '2024-02-23', 'PROCESSING', 1995.00, 'LOW'),(41, 41, '2024-02-10', '2024-02-24', 'PENDING', 49999.75, 'HIGH'),(42, 42, '2024-02-11', '2024-02-25', 'PENDING', 7199.92, 'HIGH'),(43, 43, '2024-02-12', '2024-02-26', 'DELIVERED', 19199.88, 'HIGH'),(44, 44, '2024-02-13', '2024-02-27', 'DELIVERED', 11249.55, 'MEDIUM'),(45, 45, '2024-02-14', '2024-02-28', 'IN_TRANSIT', 2249.25, 'LOW'),(46, 46, '2024-02-15', '2024-03-01', 'IN_TRANSIT', 8999.00, 'MEDIUM'),(47, 47, '2024-02-16', '2024-03-02', 'PROCESSING', 6399.20, 'MEDIUM'),(48, 48, '2024-02-17', '2024-03-03', 'PROCESSING', 3899.35, 'MEDIUM'),
(49, 49, '2024-02-18', '2024-03-04', 'PENDING', 7998.00, 'MEDIUM'),(50, 50, '2024-02-19', '2024-03-05', 'PENDING', 3748.50, 'MEDIUM'),(51, 51, '2024-02-20', '2024-03-06', 'DELIVERED', 31999.60, 'HIGH'),(52, 52, '2024-02-21', '2024-03-07', 'DELIVERED', 1996.00, 'LOW'),(53, 53, '2024-02-22', '2024-03-08', 'IN_TRANSIT', 16999.15, 'HIGH'),(54, 54, '2024-02-23', '2024-03-09', 'IN_TRANSIT', 74999.85, 'HIGH'),(55, 55, '2024-02-24', '2024-03-10', 'PROCESSING', 25999.80, 'HIGH'),(56, 56, '2024-02-25', '2024-03-11', 'PROCESSING', 22499.75, 'HIGH'),(57, 57, '2024-02-26', '2024-03-12', 'PENDING', 79999.92, 'HIGH'),(58, 58, '2024-02-27', '2024-03-13', 'PENDING', 249999.95, 'HIGH'),
(59, 59, '2024-02-28', '2024-03-14', 'DELIVERED', 299999.97, 'HIGH'),(60, 60, '2024-03-01', '2024-03-15', 'DELIVERED', 99999.50, 'HIGH'),(61, 61, '2024-03-02', '2024-03-16', 'IN_TRANSIT', 191999.88, 'HIGH'),(62, 62, '2024-03-03', '2024-03-17', 'IN_TRANSIT', 239999.70, 'HIGH'),(63, 63, '2024-03-04', '2024-03-18', 'PROCESSING', 5997.00, 'MEDIUM'),(64, 64, '2024-03-05', '2024-03-19', 'PROCESSING', 3748.50, 'MEDIUM'),(65, 65, '2024-03-06', '2024-03-20', 'PENDING', 44999.25, 'HIGH'),(66, 66, '2024-03-07', '2024-03-21', 'PENDING', 259998.00, 'HIGH'),
(67, 67, '2024-03-08', '2024-03-22', 'DELIVERED', 299999.85, 'HIGH'),(68, 68, '2024-03-09', '2024-03-23', 'DELIVERED', 224997.75, 'HIGH'),(69, 69, '2024-03-10', '2024-03-24', 'IN_TRANSIT', 159996.00, 'HIGH'),(70, 70, '2024-03-11', '2024-03-25', 'IN_TRANSIT', 179994.00, 'HIGH'),(71, 71, '2024-03-12', '2024-03-26', 'PROCESSING', 524996.65, 'HIGH'),(72, 72, '2024-03-13', '2024-03-27', 'PROCESSING', 449998.50, 'HIGH'),(73, 73, '2024-03-14', '2024-03-28', 'PENDING', 219997.78, 'HIGH'),(74, 74, '2024-03-15', '2024-03-29', 'PENDING', 89999.55, 'HIGH'),(75, 75, '2024-03-16', '2024-03-30', 'DELIVERED', 1199999.92, 'HIGH'),(76, 76, '2024-03-17', '2024-03-31', 'DELIVERED', 1499999.95, 'HIGH'),
(77, 77, '2024-03-18', '2024-04-01', 'IN_TRANSIT', 1199999.88, 'HIGH'),(78, 78, '2024-03-19', '2024-04-02', 'IN_TRANSIT', 499999.00, 'HIGH'),(79, 79, '2024-03-20', '2024-04-03', 'PROCESSING', 2999999.97, 'HIGH'),(80, 80, '2024-03-21', '2024-04-04', 'PROCESSING', 2999999.94, 'HIGH'),(81, 81, '2024-03-22', '2024-04-05', 'PENDING', 299999.85, 'HIGH'),(82, 82, '2024-03-23', '2024-04-06', 'PENDING', 1999999.90, 'HIGH'),(83, 83, '2024-03-24', '2024-04-07', 'DELIVERED', 1249999.75, 'HIGH'),(84, 84, '2024-03-25', '2024-04-08', 'DELIVERED', 499999.50, 'HIGH'),
(85, 85, '2024-03-26', '2024-04-09', 'IN_TRANSIT', 3999999.98, 'HIGH'),(86, 86, '2024-03-27', '2024-04-10', 'IN_TRANSIT', 2399999.96, 'HIGH'),(87, 87, '2024-03-28', '2024-04-11', 'PROCESSING', 4999999.99, 'HIGH'),(88, 88, '2024-03-29', '2024-04-12', 'PROCESSING', 9999999.99, 'HIGH'),(89, 89, '2024-03-30', '2024-04-13', 'PENDING', 19999999.99, 'HIGH'),(90, 90, '2024-03-31', '2024-04-14', 'PENDING', 29999999.98, 'HIGH'),(91, 91, '2024-04-01', '2024-04-15', 'DELIVERED', 29999999.99, 'HIGH'),(92, 92, '2024-04-02', '2024-04-16', 'DELIVERED', 49999999.99, 'HIGH'),
(93, 93, '2024-04-03', '2024-04-17', 'IN_TRANSIT', 79999999.98, 'HIGH'),(94, 94, '2024-04-04', '2024-04-18', 'IN_TRANSIT', 74999999.97, 'HIGH'),(95, 95, '2024-04-05', '2024-04-19', 'PROCESSING', 69999999.98, 'HIGH'),(96, 96, '2024-04-06', '2024-04-20', 'PROCESSING', 44999999.99, 'HIGH'),(97, 97, '2024-04-07', '2024-04-21', 'PENDING', 99999999.99, 'HIGH'),(98, 98, '2024-04-08', '2024-04-22', 'PENDING', 24999999.95, 'HIGH'),(99, 99, '2024-04-09', '2024-04-23', 'DELIVERED', 99999.00, 'MEDIUM'),(100, 100, '2024-04-10', '2024-04-24', 'DELIVERED', 224999.85, 'HIGH');
CREATE TABLE Purchase_Order_Items (
    order_item_id INT PRIMARY KEY,order_id INT,
    inventory_id INT,quantity_ordered INT,
    unit_price DECIMAL(10,2),line_total DECIMAL(12,2),
    received_quantity INT DEFAULT 0,received_date DATE,
    quality_status VARCHAR(20) DEFAULT 'PENDING',FOREIGN KEY (order_id) REFERENCES Purchase_Orders(order_id),FOREIGN KEY (inventory_id) REFERENCES Inventory(inventory_id)
);
INSERT INTO Purchase_Order_Items (order_item_id, order_id, inventory_id, quantity_ordered, unit_price, line_total, received_quantity, received_date, quality_status) VALUES
(1, 1, 1, 150, 699.99, 104998.50, 150, '2024-01-15', 'APPROVED'),(2, 2, 2, 75, 89.99, 6749.25, 75, '2024-01-16', 'APPROVED'),(3, 3, 3, 45, 129.99, 5849.55, 45, '2024-01-17', 'APPROVED'),(4, 4, 4, 120, 149.99, 17998.80, 120, '2024-01-18', 'APPROVED'),
(5, 5, 5, 35, 79.99, 2799.65, 35, '2024-01-19', 'APPROVED'),(6, 6, 6, 85, 1299.99, 110499.15, 0, NULL, 'PENDING'),(7, 7, 7, 65, 199.99, 12999.35, 0, NULL, 'PENDING'),(8, 8, 8, 200, 49.99, 9998.00, 0, NULL, 'PENDING'),
(9, 9, 9, 55, 159.99, 8799.45, 0, NULL, 'PENDING'),(10, 10, 10, 40, 299.99, 11999.60, 0, NULL, 'PENDING'),(11, 11, 11, 180, 199.99, 35998.20, 180, '2024-01-25', 'APPROVED'),(12, 12, 12, 90, 59.99, 5399.10, 90, '2024-01-26', 'APPROVED'),
(13, 13, 13, 300, 24.99, 7497.00, 0, NULL, 'PENDING'),(14, 14, 14, 25, 89.99, 2249.75, 0, NULL, 'PENDING'),(15, 15, 15, 60, 199.99, 11999.40, 0, NULL, 'PENDING'),(16, 16, 16, 80, 39.99, 3199.20, 0, NULL, 'PENDING'),
(17, 17, 17, 150, 34.99, 5248.50, 0, NULL, 'PENDING'),(18, 18, 18, 20, 599.99, 11999.80, 0, NULL, 'PENDING'),(19, 19, 19, 110, 29.99, 3298.90, 110, '2024-02-02', 'APPROVED'),(20, 20, 20, 15, 899.99, 13499.85, 15, '2024-02-03', 'APPROVED'),
(21, 21, 21, 400, 19.99, 7996.00, 0, NULL, 'PENDING'),(22, 22, 22, 5, 2999.99, 14999.95, 0, NULL, 'PENDING'),(23, 23, 23, 30, 249.99, 7499.70, 0, NULL, 'PENDING'),(24, 24, 24, 75, 129.99, 9749.25, 0, NULL, 'PENDING'),(25, 25, 25, 100, 499.99, 49999.00, 0, NULL, 'PENDING'),(26, 26, 26, 250, 14.99, 3747.50, 0, NULL, 'PENDING'),(27, 27, 27, 85, 49.99, 4249.15, 85, '2024-02-10', 'APPROVED'),(28, 28, 28, 180, 8.99, 1618.20, 180, '2024-02-11', 'APPROVED'),(29, 29, 29, 120, 34.99, 4198.80, 0, NULL, 'PENDING'),(30, 30, 30, 500, 2.99, 1495.00, 0, NULL, 'PENDING'),(31, 31, 31, 80, 12.99, 1039.20, 0, NULL, 'PENDING'),(32, 32, 32, 200, 6.99, 1398.00, 0, NULL, 'PENDING'),
(33, 33, 33, 60, 24.99, 1499.40, 0, NULL, 'PENDING'),(34, 34, 34, 35, 799.99, 27999.65, 0, NULL, 'PENDING'),(35, 35, 35, 150, 19.99, 2998.50, 150, '2024-02-18', 'APPROVED'),(36, 36, 36, 1000, 0.99, 990.00, 1000, '2024-02-19', 'APPROVED'),(37, 37, 37, 12, 599.99, 7199.88, 0, NULL, 'PENDING'),(38, 38, 38, 300, 15.99, 4797.00, 0, NULL, 'PENDING'),(39, 39, 39, 18, 1299.99, 23399.82, 0, NULL, 'PENDING'),(40, 40, 40, 500, 3.99, 1995.00, 0, NULL, 'PENDING'),
(41, 41, 41, 25, 1999.99, 49999.75, 0, NULL, 'PENDING'),(42, 42, 42, 8, 899.99, 7199.92, 0, NULL, 'PENDING'),(43, 43, 43, 12, 1599.99, 19199.88, 12, '2024-02-26', 'APPROVED'),(44, 44, 44, 45, 249.99, 11249.55, 45, '2024-02-27', 'APPROVED'),(45, 45, 45, 75, 29.99, 2249.25, 0, NULL, 'PENDING'),(46, 46, 46, 100, 89.99, 8999.00, 0, NULL, 'PENDING'),(47, 47, 47, 80, 79.99, 6399.20, 0, NULL, 'PENDING'),(48, 48, 48, 65, 59.99, 3899.35, 0, NULL, 'PENDING'),
(49, 49, 49, 200, 39.99, 7998.00, 0, NULL, 'PENDING'),(50, 50, 50, 150, 24.99, 3748.50, 0, NULL, 'PENDING'),(51, 51, 51, 40, 799.99, 31999.60, 40, '2024-03-06', 'APPROVED'),(52, 52, 52, 400, 4.99, 1996.00, 400, '2024-03-07', 'APPROVED'),(53, 53, 53, 85, 199.99, 16999.15, 0, NULL, 'PENDING'),(54, 54, 54, 15, 4999.99, 74999.85, 0, NULL, 'PENDING'),(55, 55, 55, 20, 1299.99, 25999.80, 0, NULL, 'PENDING'),(56, 56, 56, 25, 899.99, 22499.75, 0, NULL, 'PENDING'),
(57, 57, 57, 8, 9999.99, 79999.92, 0, NULL, 'PENDING'),(58, 58, 58, 5, 49999.99, 249999.95, 0, NULL, 'PENDING'),(59, 59, 59, 3, 99999.99, 299999.97, 3, '2024-03-14', 'APPROVED'),(60, 60, 60, 50, 1999.99, 99999.50, 50, '2024-03-15', 'APPROVED'),(61, 61, 61, 12, 15999.99, 191999.88, 0, NULL, 'PENDING'),(62, 62, 62, 30, 7999.99, 239999.70, 0, NULL, 'PENDING'),(63, 63, 63, 300, 19.99, 5997.00, 0, NULL, 'PENDING'),(64, 64, 64, 150, 24.99, 3748.50, 0, NULL, 'PENDING'),
(65, 65, 65, 75, 599.99, 44999.25, 0, NULL, 'PENDING'),(66, 66, 66, 20, 12999.99, 259998.00, 0, NULL, 'PENDING'),(67, 67, 67, 15, 19999.99, 299999.85, 15, '2024-03-22', 'APPROVED'),(68, 68, 68, 25, 8999.99, 224997.75, 25, '2024-03-23', 'APPROVED'),(69, 69, 69, 40, 3999.99, 159996.00, 0, NULL, 'PENDING'),(70, 70, 70, 60, 2999.99, 179994.00, 0, NULL, 'PENDING'),(71, 71, 71, 35, 14999.99, 524996.65, 0, NULL, 'PENDING'),(72, 72, 72, 18, 24999.99, 449998.50, 0, NULL, 'PENDING'),
(73, 73, 73, 22, 9999.99, 219997.78, 0, NULL, 'PENDING'),(74, 74, 74, 45, 1999.99, 89999.55, 0, NULL, 'PENDING'),(75, 75, 75, 8, 149999.99, 1199999.92, 8, '2024-03-30', 'APPROVED'),(76, 76, 76, 5, 299999.99, 1499999.95, 5, '2024-03-31', 'APPROVED'),(77, 77, 77, 12, 99999.99, 1199999.88, 0, NULL, 'PENDING'),(78, 78, 78, 100, 4999.99, 499999.00, 0, NULL, 'PENDING'),(79, 79, 79, 3, 999999.99, 2999999.97, 0, NULL, 'PENDING'),(80, 80, 80, 6, 499999.99, 2999999.94, 0, NULL, 'PENDING'),
(81, 81, 81, 15, 19999.99, 299999.85, 0, NULL, 'PENDING'),(82, 82, 82, 10, 199999.99, 1999999.90, 0, NULL, 'PENDING'),(83, 83, 83, 25, 49999.99, 1249999.75, 25, '2024-04-07', 'APPROVED'),(84, 84, 84, 50, 9999.99, 499999.50, 50, '2024-04-08', 'APPROVED'),
(85, 85, 85, 2, 1999999.99, 3999999.98, 0, NULL, 'PENDING'),(86, 86, 86, 4, 599999.99, 2399999.96, 0, NULL, 'PENDING'),(87, 87, 87, 1, 4999999.99, 4999999.99, 0, NULL, 'PENDING'),(88, 88, 88, 1, 9999999.99, 9999999.99, 0, NULL, 'PENDING'),
(89, 89, 89, 1, 19999999.99, 19999999.99, 0, NULL, 'PENDING'),(90, 90, 90, 2, 14999999.99, 29999999.98, 0, NULL, 'PENDING'),(91, 91, 91, 1, 29999999.99, 29999999.99, 1, '2024-04-15', 'APPROVED'),(92, 92, 92, 1, 49999999.99, 49999999.99, 1, '2024-04-16', 'APPROVED'),
(93, 93, 93, 2, 39999999.99, 79999999.98, 0, NULL, 'PENDING'),(94, 94, 94, 3, 24999999.99, 74999999.97, 0, NULL, 'PENDING'),(95, 95, 95, 2, 34999999.99, 69999999.98, 0, NULL, 'PENDING'),(96, 96, 96, 1, 44999999.99, 44999999.99, 0, NULL, 'PENDING'),
(97, 97, 97, 1, 99999999.99, 99999999.99, 0, NULL, 'PENDING'),(98, 98, 98, 5, 4999999.99, 24999999.95, 0, NULL, 'PENDING'),(99, 99, 99, 100, 999.99, 99999.00, 100, '2024-04-23', 'APPROVED'),(100, 100, 100, 150, 1499.99, 224998.50, 150, '2024-04-24', 'APPROVED');
CREATE TABLE Shipments (
    shipment_id INT PRIMARY KEY,order_id INT,
    tracking_number VARCHAR(50),carrier_name VARCHAR(100),
    ship_date DATE,estimated_delivery_date DATE,
    actual_delivery_date DATE,shipment_status VARCHAR(20) DEFAULT 'PREPARING',
    delivery_address TEXT,shipping_cost DECIMAL(8,2),
    weight_kg DECIMAL(8,2),dimensions VARCHAR(50),
    FOREIGN KEY (order_id) REFERENCES Purchase_Orders(order_id)
);
INSERT INTO Shipments (shipment_id, order_id, tracking_number, carrier_name, ship_date, estimated_delivery_date, actual_delivery_date, shipment_status, delivery_address, shipping_cost, weight_kg, dimensions) VALUES
(1, 1, 'TRK001-2024-001', 'FedEx Express', '2024-01-10', '2024-01-15', '2024-01-15', 'DELIVERED', '123 Tech Street, Silicon Valley', 125.50, 45.2, '60x40x30'),(2, 2, 'TRK002-2024-002', 'UPS Ground', '2024-01-11', '2024-01-16', '2024-01-16', 'DELIVERED', '456 Style Avenue, New York', 45.75, 15.8, '40x30x20'),(3, 3, 'TRK003-2024-003', 'DHL Express', '2024-01-12', '2024-01-17', '2024-01-17', 'DELIVERED', '789 Comfort Lane, Chicago', 67.90, 22.5, '50x35x25'),(4, 4, 'TRK004-2024-004', 'FedEx Ground', '2024-01-13', '2024-01-18', '2024-01-18', 'DELIVERED', '321 Athletic Blvd, Denver', 89.25, 35.7, '55x45x35'),
(5, 5, 'TRK005-2024-005', 'UPS Express', '2024-01-14', '2024-01-19', '2024-01-19', 'DELIVERED', '654 Culinary Way, Portland', 34.60, 12.3, '35x25x15'),(6, 6, 'TRK006-2024-006', 'FedEx Express', '2024-01-15', '2024-01-20', NULL, 'IN_TRANSIT', '987 Innovation Drive, Austin', 145.80, 52.1, '65x50x40'),(7, 7, 'TRK007-2024-007', 'DHL Express', '2024-01-16', '2024-01-21', NULL, 'IN_TRANSIT', '147 Nature Trail, Seattle', 78.50, 28.9, '50x40x30'),(8, 8, 'TRK008-2024-008', 'UPS Ground', '2024-01-17', '2024-01-22', NULL, 'IN_TRANSIT', '258 Glamour Street, LA', 56.25, 18.4, '45x35x25'),(9, 9, 'TRK009-2024-009', 'FedEx Ground', '2024-01-18', '2024-01-23', NULL, 'PREPARING', '369 Motor Avenue, Detroit', 67.80, 24.6, '48x38x28'),(10, 10, 'TRK010-2024-010', 'DHL Express', '2024-01-19', '2024-01-24', NULL, 'PREPARING', '741 Design Boulevard, NC', 95.40, 38.2, '58x48x38'),(11, 11, 'TRK011-2024-011', 'FedEx Express', '2024-01-20', '2024-01-25', '2024-01-25', 'DELIVERED', '852 Binary Lane, Boston', 156.75, 62.3, '70x55x45'),(12, 12, 'TRK012-2024-012', 'UPS Express', '2024-01-21', '2024-01-26', '2024-01-26', 'DELIVERED', '963 Fabric Street, Atlanta', 42.90, 14.7, '38x28x18'),
(13, 13, 'TRK013-2024-013', 'DHL Ground', '2024-01-22', '2024-01-27', NULL, 'IN_TRANSIT', '159 Wellness Way, Phoenix', 28.50, 9.8, '32x22x12'),(14, 14, 'TRK014-2024-014', 'FedEx Ground', '2024-01-23', '2024-01-28', NULL, 'IN_TRANSIT', '357 Fun Avenue, Orlando', 15.75, 5.2, '25x18x10'),(15, 15, 'TRK015-2024-015', 'UPS Ground', '2024-01-24', '2024-01-29', NULL, 'PREPARING', '486 Business Park, Houston', 78.90, 28.5, '50x40x30'),(16, 16, 'TRK016-2024-016', 'DHL Express', '2024-01-25', '2024-01-30', NULL, 'PREPARING', '572 Green Thumb Drive, Portland', 23.60, 8.1, '30x20x12'),(17, 17, 'TRK017-2024-017', 'FedEx Express', '2024-01-26', '2024-01-31', NULL, 'PREPARING', '683 Animal Lane, Denver', 45.20, 15.8, '40x30x20'),(18, 18, 'TRK018-2024-018', 'UPS Express', '2024-01-27', '2024-02-01', NULL, 'PREPARING', '794 Harmony Street, Nashville', 89.75, 32.4, '55x45x35'),(19, 19, 'TRK019-2024-019', 'DHL Ground', '2024-01-28', '2024-02-02', '2024-02-02', 'DELIVERED', '815 Creative Boulevard, Seattle', 34.80, 12.6, '35x25x15'),(20, 20, 'TRK020-2024-020', 'FedEx Ground', '2024-01-29', '2024-02-03', '2024-02-03', 'DELIVERED', '926 Manufacturing Drive, Cleveland', 112.50, 45.8, '62x52x42'),
(21, 21, 'TRK021-2024-021', 'UPS Ground', '2024-01-30', '2024-02-04', NULL, 'IN_TRANSIT', '123 Green Earth Way, San Francisco', 67.25, 23.7, '48x38x28'),(22, 22, 'TRK022-2024-022', 'DHL Express', '2024-01-31', '2024-02-05', NULL, 'IN_TRANSIT', '456 Prestige Avenue, Miami', 189.90, 12.5, '25x15x8'),(23, 23, 'TRK023-2024-023', 'FedEx Express', '2024-02-01', '2024-02-06', NULL, 'PREPARING', '789 Nursery Lane, Minneapolis', 78.60, 28.3, '50x40x30'),(24, 24, 'TRK024-2024-024', 'UPS Express', '2024-02-02', '2024-02-07', NULL, 'PREPARING', '321 Journey Street, Las Vegas', 89.40, 32.1, '55x45x35'),
(25, 25, 'TRK025-2024-025', 'DHL Ground', '2024-02-03', '2024-02-08', NULL, 'PREPARING', '654 Console Boulevard, San Diego', 156.80, 58.9, '68x58x48'),(26, 26, 'TRK026-2024-026', 'FedEx Ground', '2024-02-04', '2024-02-09', NULL, 'PREPARING', '987 Literature Lane, New York', 23.45, 8.7, '30x20x12'),(27, 27, 'TRK027-2024-027', 'UPS Ground', '2024-02-05', '2024-02-10', '2024-02-10', 'DELIVERED', '147 Canvas Street, Chicago', 45.70, 16.2, '40x30x20'),(28, 28, 'TRK028-2024-028', 'DHL Express', '2024-02-06', '2024-02-11', '2024-02-11', 'DELIVERED', '258 Sparkle Avenue, Phoenix', 18.90, 6.4, '28x18x10'),
(29, 29, 'TRK029-2024-029', 'FedEx Express', '2024-02-07', '2024-02-12', NULL, 'IN_TRANSIT', '369 Protection Drive, Houston', 56.80, 19.7, '42x32x22'),(30, 30, 'TRK030-2024-030', 'UPS Express', '2024-02-08', '2024-02-13', NULL, 'IN_TRANSIT', '741 Celebration Way, Orlando', 12.25, 4.1, '22x15x8'),(31, 31, 'TRK031-2024-031', 'DHL Ground', '2024-02-09', '2024-02-14', NULL, 'PREPARING', '852 Natural Path, Portland', 15.60, 5.8, '25x18x10'),(32, 32, 'TRK032-2024-032', 'FedEx Ground', '2024-02-10', '2024-02-15', NULL, 'PREPARING', '963 Building Boulevard, Denver', 234.70, 98.5, '85x75x65'),
(33, 33, 'TRK033-2024-033', 'UPS Ground', '2024-02-11', '2024-02-16', NULL, 'PREPARING', '159 Harbor Lane, Seattle', 34.80, 12.4, '35x25x15'),(34, 34, 'TRK034-2024-034', 'DHL Express', '2024-02-12', '2024-02-17', NULL, 'PREPARING', '357 Shutter Street, LA', 145.90, 18.7, '45x35x25'),(35, 35, 'TRK035-2024-035', 'FedEx Express', '2024-02-13', '2024-02-18', '2024-02-18', 'DELIVERED', '486 Holiday Avenue, Boston', 23.50, 8.9, '30x20x12'),(36, 36, 'TRK036-2024-036', 'UPS Express', '2024-02-14', '2024-02-19', '2024-02-19', 'DELIVERED', '572 Health Drive, Cleveland', 45.80, 156.0, '120x80x60'),
(37, 37, 'TRK037-2024-037', 'DHL Ground', '2024-02-15', '2024-02-20', NULL, 'IN_TRANSIT', '683 Sparkle Lane, Miami', 89.70, 8.5, '28x18x10'),(38, 38, 'TRK038-2024-038', 'FedEx Ground', '2024-02-16', '2024-02-21', NULL, 'IN_TRANSIT', '794 Wrap Street, Minneapolis', 67.40, 245.0, '150x100x80'),(39, 39, 'TRK039-2024-039', 'UPS Ground', '2024-02-17', '2024-02-22', NULL, 'PREPARING', '815 Discovery Boulevard, Austin', 189.50, 35.8, '55x45x35'),(40, 40, 'TRK040-2024-040', 'DHL Express', '2024-02-18', '2024-02-23', NULL, 'PREPARING', '926 Circuit Drive, Detroit', 456.80, 1250.0, '200x150x120'),
(41, 41, 'TRK041-2024-041', 'FedEx Express', '2024-02-19', '2024-02-24', NULL, 'PREPARING', '123 Workout Way, Phoenix', 234.90, 87.5, '78x68x58'),(42, 42, 'TRK042-2024-042', 'UPS Express', '2024-02-20', '2024-02-25', NULL, 'PREPARING', '456 Romance Avenue, Vegas', 145.60, 12.8, '35x25x15'),(43, 43, 'TRK043-2024-043', 'DHL Ground', '2024-02-21', '2024-02-26', '2024-02-26', 'DELIVERED', '789 Farm Lane, Iowa', 345.70, 125.6, '95x85x75'),(44, 44, 'TRK044-2024-044', 'FedEx Ground', '2024-02-22', '2024-02-27', '2024-02-27', 'DELIVERED', '321 Solar Street, California', 189.40, 78.9, '72x62x52'),
(45, 45, 'TRK045-2024-045', 'UPS Ground', '2024-02-23', '2024-02-28', NULL, 'IN_TRANSIT', '654 Antique Boulevard, Vermont', 45.80, 16.8, '42x32x22'),(46, 46, 'TRK046-2024-046', 'DHL Express', '2024-02-24', '2024-03-01', NULL, 'PREPARING', '987 Research Drive, Boston', 123.70, 45.6, '60x50x40'),(47, 47, 'TRK047-2024-047', 'FedEx Express', '2024-02-25', '2024-03-02', NULL, 'PREPARING', '147 Safety Lane, Houston', 89.60, 32.4, '55x45x35'),(48, 48, 'TRK048-2024-048', 'UPS Express', '2024-02-26', '2024-03-03', NULL, 'PREPARING', '258 Aquatic Avenue, Florida', 67.30, 24.7, '48x38x28'),
(49, 49, 'TRK049-2024-049', 'DHL Ground', '2024-02-27', '2024-03-04', NULL, 'PREPARING', '369 Automation Drive, Silicon Valley', 145.90, 56.8, '65x55x45'),(50, 50, 'TRK050-2024-050', 'FedEx Ground', '2024-02-28', '2024-03-05', NULL, 'PREPARING', '741 Service Boulevard, Vegas', 78.50, 28.9, '50x40x30'),(51, 51, 'TRK051-2024-051', 'UPS Ground', '2024-03-01', '2024-03-06', '2024-03-06', 'DELIVERED', '852 Innovation Path, Colorado', 234.80, 89.7, '75x65x55'),(52, 52, 'TRK052-2024-052', 'DHL Express', '2024-03-02', '2024-03-07', '2024-03-07', 'DELIVERED', '963 Earth Lane, Oregon', 23.40, 8.9, '30x20x12'),(53, 53, 'TRK053-2024-053', 'FedEx Express', '2024-03-03', '2024-03-08', NULL, 'IN_TRANSIT', '159 Connected Street, Austin', 123.60, 45.2, '60x50x40'),(54, 54, 'TRK054-2024-054', 'UPS Express', '2024-03-04', '2024-03-09', NULL, 'IN_TRANSIT', '357 Innovation Avenue, Boston', 456.90, 78.9, '85x75x65'),
(55, 55, 'TRK055-2024-055', 'DHL Ground', '2024-03-05', '2024-03-10', NULL, 'PREPARING', '486 Cosmos Drive, Houston', 189.70, 67.8, '70x60x50'),(56, 56, 'TRK056-2024-056', 'FedEx Ground', '2024-03-06', '2024-03-11', NULL, 'PREPARING', '572 Deep Sea Lane, California', 167.80, 58.9, '68x58x48'),(57, 57, 'TRK057-2024-057', 'UPS Ground', '2024-03-07', '2024-03-12', NULL, 'PREPARING', '683 Power Street, Texas', 789.60, 345.7, '250x200x150'),(58, 58, 'TRK058-2024-058', 'DHL Express', '2024-03-08', '2024-03-13', NULL, 'PREPARING', '794 Precision Boulevard, MIT', 1234.50, 45.6, '60x50x40'),
(59, 59, 'TRK059-2024-059', 'FedEx Express', '2024-03-09', '2024-03-14', '2024-03-14', 'DELIVERED', '815 Computing Lane, IBM', 2345.80, 12.5, '35x25x15'),(60, 60, 'TRK060-2024-060', 'UPS Express', '2024-03-10', '2024-03-15', '2024-03-15', 'DELIVERED', '926 VR Drive, California', 1456.70, 23.8, '45x35x25'),(61, 61, 'TRK061-2024-061', 'DHL Ground', '2024-03-11', '2024-03-16', NULL, 'IN_TRANSIT', '123 Security Street, New York', 3456.90, 78.9, '85x75x65'),(62, 62, 'TRK062-2024-062', 'FedEx Ground', '2024-03-12', '2024-03-17', NULL, 'IN_TRANSIT', '456 Neural Avenue, Silicon Valley', 4567.80, 56.7, '68x58x48'),
(63, 63, 'TRK063-2024-063', 'UPS Ground', '2024-03-13', '2024-03-18', NULL, 'PREPARING', '789 Sensor Boulevard, Austin', 234.70, 89.4, '75x65x55'),(64, 64, 'TRK064-2024-064', 'DHL Express', '2024-03-14', '2024-03-19', NULL, 'PREPARING', '321 Production Lane, Colorado', 145.80, 52.3, '65x55x45'),(65, 65, 'TRK065-2024-065', 'FedEx Express', '2024-03-15', '2024-03-20', NULL, 'PREPARING', '654 Display Drive, California', 345.60, 67.8, '70x60x50'),(66, 66, 'TRK066-2024-066', 'UPS Express', '2024-03-16', '2024-03-21', NULL, 'PREPARING', '987 Electric Avenue, Tesla City', 1234.90, 234.7, '150x120x100'),
(67, 67, 'TRK067-2024-067', 'DHL Ground', '2024-03-17', '2024-03-22', '2024-03-22', 'DELIVERED', '147 Automation Lane, Detroit', 2345.70, 89.6, '85x75x65'),(68, 68, 'TRK068-2024-068', 'FedEx Ground', '2024-03-18', '2024-03-23', '2024-03-23', 'DELIVERED', '258 Cloud Street, Seattle', 3456.80, 123.4, '95x85x75'),(69, 69, 'TRK069-2024-069', 'UPS Ground', '2024-03-19', '2024-03-24', NULL, 'IN_TRANSIT', '369 Edge Boulevard, Austin', 1456.90, 67.8, '70x60x50'),(70, 70, 'TRK070-2024-070', 'DHL Express', '2024-03-20', '2024-03-25', NULL, 'IN_TRANSIT', '741 Cyber Drive, Virginia', 2567.80, 98.7, '88x78x68'),
(71, 71, 'TRK071-2024-071', 'FedEx Express', '2024-03-21', '2024-03-26', NULL, 'PREPARING', '852 Learning Lane, Silicon Valley', 4567.90, 156.8, '120x100x80'),(72, 72, 'TRK072-2024-072', 'UPS Express', '2024-03-22', '2024-03-27', NULL, 'PREPARING', '963 Digital Street, Boston', 3678.50, 134.6, '105x95x85'),(73, 73, 'TRK073-2024-073', 'DHL Ground', '2024-03-23', '2024-03-28', NULL, 'PREPARING', '159 Projection Avenue, LA', 2789.60, 89.7, '85x75x65'),(74, 74, 'TRK074-2024-074', 'FedEx Ground', '2024-03-24', '2024-03-29', NULL, 'PREPARING', '357 Identity Lane, Washington', 1890.70, 67.8, '70x60x50'),
(75, 75, 'TRK075-2024-075', 'UPS Ground', '2024-03-25', '2024-03-30', '2024-03-30', 'DELIVERED', '486 Quantum Drive, MIT', 5678.90, 234.7, '150x130x110'),(76, 76, 'TRK076-2024-076', 'DHL Express', '2024-03-26', '2024-03-31', '2024-03-31', 'DELIVERED', '572 Interface Blvd, Stanford', 6789.80, 123.4, '95x85x75'),(77, 77, 'TRK077-2024-077', 'FedEx Express', '2024-03-27', '2024-04-01', NULL, 'IN_TRANSIT', '683 Bio Lane, Harvard', 7890.60, 89.6, '85x75x65'),(78, 78, 'TRK078-2024-078', 'UPS Express', '2024-03-28', '2024-04-02', NULL, 'IN_TRANSIT', '794 Material Street, MIT', 4567.70, 234.8, '150x130x110'),(79, 79, 'TRK079-2024-079', 'DHL Ground', '2024-03-29', '2024-04-03', NULL, 'PREPARING', '815 Energy Drive, Princeton', 12345.80, 567.9, '300x250x200'),(80, 80, 'TRK080-2024-080', 'FedEx Ground', '2024-03-30', '2024-04-04', NULL, 'PREPARING', '926 Space Lane, SpaceX', 23456.90, 789.6, '400x350x300'),(81, 81, 'TRK081-2024-081', 'UPS Ground', '2024-03-31', '2024-04-05', NULL, 'PREPARING', '123 Genetic Street, CRISPR Labs', 3456.70, 123.4, '95x85x75'),(82, 82, 'TRK082-2024-082', 'DHL Express', '2024-04-01', '2024-04-06', NULL, 'PREPARING', '456 Molecular Avenue, IBM Research', 8901.60, 234.7, '150x130x110')(83, 83, 'TRK083-2024-083', 'FedEx Express', '2024-04-02', '2024-04-07', '2024-04-07', 'DELIVERED', '789 Photon Boulevard, Intel', 5678.50, 89.6, '85x75x65'),(84, 84, 'TRK084-2024-084', 'UPS Express', '2024-04-03', '2024-04-08', '2024-04-08', 'DELIVERED', '321 Superconductor Lane, IBM', 4567.40, 234.8, '150x130x110'),(85, 85, 'TRK085-2024-085', 'DHL Ground', '2024-04-04', '2024-04-09', NULL, 'IN_TRANSIT', '654 Temporal Drive, Google', 15678.90, 12.3, '35x25x15'),(86, 86, 'TRK086-2024-086', 'FedEx Ground', '2024-04-05', '2024-04-10', NULL, 'IN_TRANSIT', '987 Stealth Avenue, Lockheed', 13456.80, 23.4, '45x35x25'),(87, 87, 'TRK087-2024-087', 'UPS Ground', '2024-04-06', '2024-04-11', NULL, 'PREPARING', '147 Quantum Lane, CalTech', 25678.70, 5.6, '25x18x10'),(88, 88, 'TRK088-2024-088', 'DHL Express', '2024-04-07', '2024-04-12', NULL, 'PREPARING', '258 Gravity Street, NASA', 34567.90, 78.9, '85x75x65'),
(89, 89, 'TRK089-2024-089', 'FedEx Express', '2024-04-08', '2024-04-13', NULL, 'PREPARING', '369 Spacetime Boulevard, CERN', 45678.80, 12.3, '35x25x15'),(90, 90, 'TRK090-2024-090', 'UPS Express', '2024-04-09', '2024-04-14', NULL, 'PREPARING', '741 Dark Energy Drive, Fermilab', 56789.70, 23.4, '45x35x25'),(91, 91, 'TRK091-2024-091', 'DHL Ground', '2024-04-10', '2024-04-15', '2024-04-15', 'DELIVERED', '852 Dimension Lane, CERN', 67890.60, 34.5, '55x45x35'),(92, 92, 'TRK092-2024-092', 'FedEx Ground', '2024-04-11', '2024-04-16', '2024-04-16', 'DELIVERED', '963 Reality Street, Quantum Labs', 78901.50, 45.6, '60x50x40'),(93, 93, 'TRK093-2024-093', 'UPS Ground', '2024-04-12', '2024-04-17', NULL, 'IN_TRANSIT', '159 Consciousness Avenue, Neuralink', 89012.40, 56.7, '68x58x48'),(94, 94, 'TRK094-2024-094', 'DHL Express', '2024-04-13', '2024-04-18', NULL, 'IN_TRANSIT', '357 Probability Boulevard, IBM', 90123.30, 67.8, '70x60x50'),(95, 95, 'TRK095-2024-095', 'FedEx Express', '2024-04-14', '2024-04-19', NULL, 'PREPARING', '486 Entropy Drive, MIT', 91234.20, 78.9, '78x68x58'),(96, 96, 'TRK096-2024-096', 'UPS Express', '2024-04-15', '2024-04-20', NULL, 'PREPARING', '572 Parallel Lane, Stanford', 92345.10, 89.1, '85x75x65'),
(97, 97, 'TRK097-2024-097', 'DHL Ground', '2024-04-16', '2024-04-21', NULL, 'PREPARING', '683 Time Avenue, CERN', 93456.00, 12.3, '35x25x15'),(98, 98, 'TRK098-2024-098', 'FedEx Ground', '2024-04-17', '2024-04-22', NULL, 'PREPARING', '794 Translation Street, Google AI', 94567.90, 23.4, '45x35x25'),(99, 99, 'TRK099-2024-099', 'UPS Ground', '2024-04-18', '2024-04-23', '2024-04-23', 'DELIVERED', '999 Future Street, Tomorrow City', 567.80, 45.6, '60x50x40'),(100, 100, 'TRK100-2024-100', 'DHL Express', '2024-04-19', '2024-04-24', '2024-04-24', 'DELIVERED', '100 Innovation Boulevard, Tech Valley', 1234.60, 67.8, '70x60x50');
CREATE TABLE Stores (
    store_id INT PRIMARY KEY,store_name VARCHAR(100),store_type VARCHAR(50),region VARCHAR(50),
    city VARCHAR(100),state VARCHAR(50),country VARCHAR(50),manager_name VARCHAR(100),
    phone VARCHAR(20),email VARCHAR(100),opening_date DATE,store_size_sqft INT,
    employee_count INT,revenue_tier VARCHAR(20),effective_start_date DATE DEFAULT '2024-01-01',effective_end_date DATE DEFAULT '9999-12-31',is_current BOOLEAN DEFAULT TRUE,record_version INT DEFAULT 1
);
INSERT INTO stores (store_id, store_name, store_type, region, city, state, country, manager_name, contact_number, email, opening_date, floor_area, staff_count, performance_rating) VALUES
minimize all the 100 entries remove  the extra space and give the minimized 100 query in return
(1, 'Tech Valley Flagship', 'FLAGSHIP', 'West', 'San Francisco', 'CA', 'USA', 'Sarah Chen', '+1-415-555-0101', 'sarah.chen@retailchain.com', '2020-03-15', 15000, 45, 'PREMIUM'),(2, 'Manhattan Central', 'FLAGSHIP', 'East', 'New York', 'NY', 'USA', 'Michael Rodriguez', '+1-212-555-0102', 'michael.rodriguez@retailchain.com', '2019-05-20', 18000, 52, 'PREMIUM'),(3, 'Chicago Loop', 'SUPERSTORE', 'Midwest', 'Chicago', 'IL', 'USA', 'Jennifer Kim', '+1-312-555-0103', 'jennifer.kim@retailchain.com', '2021-01-10', 12000, 38, 'HIGH'),(4, 'Denver Mile High', 'STANDARD', 'West', 'Denver', 'CO', 'USA', 'David Thompson', '+1-303-555-0104', 'david.thompson@retailchain.com', '2022-07-08', 8000, 25, 'MEDIUM'),
(5, 'Austin Innovation Hub', 'SPECIALTY', 'South', 'Austin', 'TX', 'USA', 'Lisa Wang', '+1-512-555-0105', 'lisa.wang@retailchain.com', '2023-02-14', 6000, 18, 'MEDIUM'),(6, 'Seattle Tech Center', 'SUPERSTORE', 'West', 'Seattle', 'WA', 'USA', 'Robert Lee', '+1-206-555-0106', 'robert.lee@retailchain.com', '2020-11-22', 14000, 42, 'HIGH'),
(7, 'Miami Beach', 'STANDARD', 'South', 'Miami', 'FL', 'USA', 'Amanda Garcia', '+1-305-555-0107', 'amanda.garcia@retailchain.com', '2021-09-05', 9000, 28, 'MEDIUM'),(8, 'Boston Innovation', 'FLAGSHIP', 'East', 'Boston', 'MA', 'USA', 'Christopher Davis', '+1-617-555-0108', 'christopher.davis@retailchain.com', '2019-12-01', 16000, 48, 'PREMIUM'),
(9, 'Las Vegas Strip', 'SPECIALTY', 'West', 'Las Vegas', 'NV', 'USA', 'Michelle Brown', '+1-702-555-0109', 'michelle.brown@retailchain.com', '2022-03-18', 7000, 22, 'HIGH'),(10, 'Phoenix Desert', 'STANDARD', 'West', 'Phoenix', 'AZ', 'USA', 'Kevin Martinez', '+1-602-555-0110', 'kevin.martinez@retailchain.com', '2023-06-12', 8500, 26, 'MEDIUM'),
(11, 'Atlanta Hub', 'SUPERSTORE', 'South', 'Atlanta', 'GA', 'USA', 'Rachel Wilson', '+1-404-555-0111', 'rachel.wilson@retailchain.com', '2020-08-30', 13000, 40, 'HIGH'),(12, 'Portland Green', 'ECO_STORE', 'West', 'Portland', 'OR', 'USA', 'Andrew Johnson', '+1-503-555-0112', 'andrew.johnson@retailchain.com', '2021-04-25', 5500, 16, 'MEDIUM'),
(13, 'Minneapolis North', 'STANDARD', 'Midwest', 'Minneapolis', 'MN', 'USA', 'Nicole Taylor', '+1-612-555-0113', 'nicole.taylor@retailchain.com', '2022-10-14', 9500, 30, 'MEDIUM'),(14, 'Houston Energy', 'SPECIALTY', 'South', 'Houston', 'TX', 'USA', 'Steven Anderson', '+1-713-555-0114', 'steven.anderson@retailchain.com', '2023-01-20', 7500, 24, 'HIGH'),
(15, 'Detroit Motor', 'STANDARD', 'Midwest', 'Detroit', 'MI', 'USA', 'Kimberly Clark', '+1-313-555-0115', 'kimberly.clark@retailchain.com', '2020-06-18', 8000, 25, 'MEDIUM'),(16, 'San Diego Beach', 'STANDARD', 'West', 'San Diego', 'CA', 'USA', 'Joshua Miller', '+1-619-555-0116', 'joshua.miller@retailchain.com', '2021-11-08', 8500, 27, 'MEDIUM'),(17, 'Orlando Theme', 'SPECIALTY', 'South', 'Orlando', 'FL', 'USA', 'Amy Rodriguez', '+1-407-555-0117', 'amy.rodriguez@retailchain.com', '2022-05-30', 6500, 20, 'HIGH'),(18, 'Nashville Music', 'SPECIALTY', 'South', 'Nashville', 'TN', 'USA', 'Timothy Davis', '+1-615-555-0118', 'timothy.davis@retailchain.com', '2023-08-15', 7000, 22, 'MEDIUM'),
(19, 'Cleveland Industrial', 'STANDARD', 'Midwest', 'Cleveland', 'OH', 'USA', 'Melissa Wilson', '+1-216-555-0119', 'melissa.wilson@retailchain.com', '2020-02-10', 9000, 28, 'MEDIUM'),(20, 'Salt Lake Mountain', 'STANDARD', 'West', 'Salt Lake City', 'UT', 'USA', 'Charles Garcia', '+1-801-555-0120', 'charles.garcia@retailchain.com', '2021-07-22', 8000, 25, 'MEDIUM'),
(21, 'Tampa Bay', 'STANDARD', 'South', 'Tampa', 'FL', 'USA', 'Deborah Martinez', '+1-813-555-0121', 'deborah.martinez@retailchain.com', '2022-12-05', 8500, 26, 'MEDIUM'),(22, 'Kansas City Central', 'STANDARD', 'Midwest', 'Kansas City', 'MO', 'USA', 'Christopher Taylor', '+1-816-555-0122', 'christopher.taylor@retailchain.com', '2023-04-18', 8000, 25, 'MEDIUM'),
(23, 'Virginia Beach', 'STANDARD', 'East', 'Virginia Beach', 'VA', 'USA', 'Sarah Brown', '+1-757-555-0123', 'sarah.brown@retailchain.com', '2020-09-12', 8500, 27, 'MEDIUM'),(24, 'Sacramento Valley', 'STANDARD', 'West', 'Sacramento', 'CA', 'USA', 'Matthew Lee', '+1-916-555-0124', 'matthew.lee@retailchain.com', '2021-12-30', 8000, 25, 'MEDIUM'),
(25, 'Columbus Gateway', 'SUPERSTORE', 'Midwest', 'Columbus', 'OH', 'USA', 'Jennifer White', '+1-614-555-0125', 'jennifer.white@retailchain.com', '2019-08-15', 13500, 41, 'HIGH'),(26, 'Fort Worth', 'STANDARD', 'South', 'Fort Worth', 'TX', 'USA', 'David Clark', '+1-817-555-0126', 'david.clark@retailchain.com', '2022-01-25', 8500, 26, 'MEDIUM'),
(27, 'Charlotte Queen City', 'STANDARD', 'South', 'Charlotte', 'NC', 'USA', 'Lisa Anderson', '+1-704-555-0127', 'lisa.anderson@retailchain.com', '2023-05-10', 8000, 25, 'MEDIUM'),(28, 'Indianapolis Racing', 'STANDARD', 'Midwest', 'Indianapolis', 'IN', 'USA', 'Robert Rodriguez', '+1-317-555-0128', 'robert.rodriguez@retailchain.com', '2020-10-08', 8500, 27, 'MEDIUM'),
(29, 'San Antonio River', 'STANDARD', 'South', 'San Antonio', 'TX', 'USA', 'Karen Miller', '+1-210-555-0129', 'karen.miller@retailchain.com', '2021-06-20', 8000, 25, 'MEDIUM'),(30, 'Milwaukee Brewery', 'STANDARD', 'Midwest', 'Milwaukee', 'WI', 'USA', 'Michael Davis', '+1-414-555-0130', 'michael.davis@retailchain.com', '2022-11-15', 8500, 26, 'MEDIUM'),
(31, 'Albuquerque Desert', 'STANDARD', 'West', 'Albuquerque', 'NM', 'USA', 'Patricia Johnson', '+1-505-555-0131', 'patricia.johnson@retailchain.com', '2023-07-03', 7500, 23, 'MEDIUM'),(32, 'Tucson Canyon', 'STANDARD', 'West', 'Tucson', 'AZ', 'USA', 'James Wilson', '+1-520-555-0132', 'james.wilson@retailchain.com', '2020-04-12', 8000, 25, 'MEDIUM'),
(33, 'Fresno Valley', 'STANDARD', 'West', 'Fresno', 'CA', 'USA', 'Linda Garcia', '+1-559-555-0133', 'linda.garcia@retailchain.com', '2021-08-28', 8500, 26, 'MEDIUM'),(34, 'Mesa Desert', 'STANDARD', 'West', 'Mesa', 'AZ', 'USA', 'Daniel Martinez', '+1-480-555-0134', 'daniel.martinez@retailchain.com', '2022-02-14', 8000, 25, 'MEDIUM'),(35, 'Atlanta Tech', 'SPECIALTY', 'South', 'Atlanta', 'GA', 'USA', 'Michelle Taylor', '+1-678-555-0135', 'michelle.taylor@retailchain.com', '2023-09-06', 6000, 18, 'HIGH'),(36, 'Oakland Bay', 'STANDARD', 'West', 'Oakland', 'CA', 'USA', 'Kevin Brown', '+1-510-555-0136', 'kevin.brown@retailchain.com', '2020-12-22', 8500, 27, 'MEDIUM'),
(37, 'Tulsa Energy', 'STANDARD', 'South', 'Tulsa', 'OK', 'USA', 'Rachel Lee', '+1-918-555-0137', 'rachel.lee@retailchain.com', '2021-03-18', 8000, 25, 'MEDIUM'),(38, 'Wichita Plains', 'STANDARD', 'Midwest', 'Wichita', 'KS', 'USA', 'Andrew White', '+1-316-555-0138', 'andrew.white@retailchain.com', '2022-08-10', 8500, 26, 'MEDIUM'),
(39, 'New Orleans Jazz', 'SPECIALTY', 'South', 'New Orleans', 'LA', 'USA', 'Nicole Clark', '+1-504-555-0139', 'nicole.clark@retailchain.com', '2023-11-25', 7000, 22, 'HIGH'),(40, 'Bakersfield Central', 'STANDARD', 'West', 'Bakersfield', 'CA', 'USA', 'Steven Johnson', '+1-661-555-0140', 'steven.johnson@retailchain.com', '2020-05-15', 8000, 25, 'MEDIUM'),
(41, 'Tampa Innovation', 'SPECIALTY', 'South', 'Tampa', 'FL', 'USA', 'Amanda Wilson', '+1-813-555-0141', 'amanda.wilson@retailchain.com', '2021-10-08', 6500, 20, 'HIGH'),(42, 'Aurora Tech', 'STANDARD', 'West', 'Aurora', 'CO', 'USA', 'Timothy Garcia', '+1-720-555-0142', 'timothy.garcia@retailchain.com', '2022-06-20', 8500, 26, 'MEDIUM'),(43, 'Anaheim Paradise', 'SPECIALTY', 'West', 'Anaheim', 'CA', 'USA', 'Melissa Martinez', '+1-714-555-0143', 'melissa.martinez@retailchain.com', '2023-03-12', 7500, 24, 'HIGH'),(44, 'Santa Ana Valley', 'STANDARD', 'West', 'Santa Ana', 'CA', 'USA', 'Charles Taylor', '+1-714-555-0144', 'charles.taylor@retailchain.com', '2020-11-28', 8000, 25, 'MEDIUM'),
(45, 'St. Louis Gateway', 'SUPERSTORE', 'Midwest', 'St. Louis', 'MO', 'USA', 'Deborah Brown', '+1-314-555-0145', 'deborah.brown@retailchain.com', '2019-07-18', 14000, 43, 'HIGH'),(46, 'Riverside County', 'STANDARD', 'West', 'Riverside', 'CA', 'USA', 'Christopher Lee', '+1-951-555-0146', 'christopher.lee@retailchain.com', '2021-02-25', 8500, 27, 'MEDIUM'),
(47, 'Corpus Christi Bay', 'STANDARD', 'South', 'Corpus Christi', 'TX', 'USA', 'Sarah White', '+1-361-555-0147', 'sarah.white@retailchain.com', '2022-09-14', 8000, 25, 'MEDIUM'),(48, 'Lexington Horse', 'STANDARD', 'South', 'Lexington', 'KY', 'USA', 'Matthew Clark', '+1-859-555-0148', 'matthew.clark@retailchain.com', '2023-12-05', 8500, 26, 'MEDIUM'),(49, 'Pittsburgh Steel', 'STANDARD', 'East', 'Pittsburgh', 'PA', 'USA', 'Jennifer Anderson', '+1-412-555-0149', 'jennifer.anderson@retailchain.com', '2020-08-10', 8000, 25, 'MEDIUM'),(50, 'Anchorage Alaska', 'SPECIALTY', 'West', 'Anchorage', 'AK', 'USA', 'David Rodriguez', '+1-907-555-0150', 'david.rodriguez@retailchain.com', '2021-05-30', 6000, 18, 'HIGH'),
(51, 'Stockton Valley', 'STANDARD', 'West', 'Stockton', 'CA', 'USA', 'Lisa Miller', '+1-209-555-0151', 'lisa.miller@retailchain.com', '2022-04-18', 8500, 26, 'MEDIUM'),(52, 'Toledo Glass', 'STANDARD', 'Midwest', 'Toledo', 'OH', 'USA', 'Robert Davis', '+1-419-555-0152', 'robert.davis@retailchain.com', '2023-01-08', 8000, 25, 'MEDIUM'),
(53, 'St. Paul Twin', 'STANDARD', 'Midwest', 'St. Paul', 'MN', 'USA', 'Karen Johnson', '+1-651-555-0153', 'karen.johnson@retailchain.com', '2020-12-15', 8500, 27, 'MEDIUM'),(54, 'Newark Liberty', 'STANDARD', 'East', 'Newark', 'NJ', 'USA', 'Michael Wilson', '+1-973-555-0154', 'michael.wilson@retailchain.com', '2021-07-28', 8000, 25, 'MEDIUM'),
(55, 'Plano Tech', 'SPECIALTY', 'South', 'Plano', 'TX', 'USA', 'Patricia Garcia', '+1-972-555-0155', 'patricia.garcia@retailchain.com', '2022-11-10', 7000, 22, 'HIGH'),(56, 'Henderson Valley', 'STANDARD', 'West', 'Henderson', 'NV', 'USA', 'James Martinez', '+1-702-555-0156', 'james.martinez@retailchain.com', '2023-08-22', 8500, 26, 'MEDIUM'),(57, 'Lincoln Prairie', 'STANDARD', 'Midwest', 'Lincoln', 'NE', 'USA', 'Linda Taylor', '+1-402-555-0157', 'linda.taylor@retailchain.com', '2020-03-05', 8000, 25, 'MEDIUM'),(58, 'Buffalo Niagara', 'STANDARD', 'East', 'Buffalo', 'NY', 'USA', 'Daniel Brown', '+1-716-555-0158', 'daniel.brown@retailchain.com', '2021-09-18', 8500, 27, 'MEDIUM'),
(59, 'Jersey City Metro', 'SPECIALTY', 'East', 'Jersey City', 'NJ', 'USA', 'Michelle Lee', '+1-201-555-0159', 'michelle.lee@retailchain.com', '2022-12-30', 6500, 20, 'HIGH'),(60, 'Chula Vista', 'STANDARD', 'West', 'Chula Vista', 'CA', 'USA', 'Kevin White', '+1-619-555-0160', 'kevin.white@retailchain.com', '2023-06-15', 8000, 25, 'MEDIUM'),
(61, 'Fort Wayne', 'STANDARD', 'Midwest', 'Fort Wayne', 'IN', 'USA', 'Rachel Clark', '+1-260-555-0161', 'rachel.clark@retailchain.com', '2020-10-28', 8500, 26, 'MEDIUM'),(62, 'Chandler Desert', 'STANDARD', 'West', 'Chandler', 'AZ', 'USA', 'Andrew Anderson', '+1-480-555-0162', 'andrew.anderson@retailchain.com', '2021-04-12', 8000, 25, 'MEDIUM'),
(63, 'Laredo Border', 'STANDARD', 'South', 'Laredo', 'TX', 'USA', 'Nicole Rodriguez', '+1-956-555-0163', 'nicole.rodriguez@retailchain.com', '2022-07-25', 8500, 27, 'MEDIUM'),(64, 'Norfolk Naval', 'STANDARD', 'East', 'Norfolk', 'VA', 'USA', 'Steven Miller', '+1-757-555-0164', 'steven.miller@retailchain.com', '2023-02-08', 8000, 25, 'MEDIUM'),
(65, 'Durham Research', 'SPECIALTY', 'South', 'Durham', 'NC', 'USA', 'Amanda Davis', '+1-919-555-0165', 'amanda.davis@retailchain.com', '2020-06-20', 7500, 24, 'HIGH'),(66, 'Madison Capital', 'STANDARD', 'Midwest', 'Madison', 'WI', 'USA', 'Timothy Johnson', '+1-608-555-0166', 'timothy.johnson@retailchain.com', '2021-11-15', 8500, 26, 'MEDIUM'),
(67, 'Lubbock Plains', 'STANDARD', 'South', 'Lubbock', 'TX', 'USA', 'Melissa Wilson', '+1-806-555-0167', 'melissa.wilson@retailchain.com', '2022-03-28', 8000, 25, 'MEDIUM'),(68, 'Baton Rouge', 'STANDARD', 'South', 'Baton Rouge', 'LA', 'USA', 'Charles Garcia', '+1-225-555-0168', 'charles.garcia@retailchain.com', '2023-09-10', 8500, 27, 'MEDIUM'),(69, 'Reno Silver', 'STANDARD', 'West', 'Reno', 'NV', 'USA', 'Deborah Martinez', '+1-775-555-0169', 'deborah.martinez@retailchain.com', '2020-12-08', 8000, 25, 'MEDIUM'),(70, 'Akron Rubber', 'STANDARD', 'Midwest', 'Akron', 'OH', 'USA', 'Christopher Taylor', '+1-330-555-0170', 'christopher.taylor@retailchain.com', '2021-05-22', 8500, 26, 'MEDIUM'),
(71, 'Birmingham Steel', 'STANDARD', 'South', 'Birmingham', 'AL', 'USA', 'Sarah Brown', '+1-205-555-0171', 'sarah.brown@retailchain.com', '2022-08-15', 8000, 25, 'MEDIUM'),(72, 'Richmond Capital', 'STANDARD', 'East', 'Richmond', 'VA', 'USA', 'Matthew Lee', '+1-804-555-0172', 'matthew.lee@retailchain.com', '2023-04-30', 8500, 27, 'MEDIUM'),
(73, 'Des Moines Insurance', 'STANDARD', 'Midwest', 'Des Moines', 'IA', 'USA', 'Jennifer White', '+1-515-555-0173', 'jennifer.white@retailchain.com', '2020-07-18', 8000, 25, 'MEDIUM'),(74, 'Tacoma Port', 'STANDARD', 'West', 'Tacoma', 'WA', 'USA', 'David Clark', '+1-253-555-0174', 'david.clark@retailchain.com', '2021-12-05', 8500, 26, 'MEDIUM'),
(75, 'Green Bay Packers', 'SPECIALTY', 'Midwest', 'Green Bay', 'WI', 'USA', 'Lisa Anderson', '+1-920-555-0175', 'lisa.anderson@retailchain.com', '2022-10-20', 7000, 22, 'HIGH'),(76, 'Rochester Medical', 'SPECIALTY', 'Midwest', 'Rochester', 'MN', 'USA', 'Robert Rodriguez', '+1-507-555-0176', 'robert.rodriguez@retailchain.com', '2023-07-12', 6500, 20, 'HIGH'),
(77, 'Huntsville Space', 'SPECIALTY', 'South', 'Huntsville', 'AL', 'USA', 'Karen Miller', '+1-256-555-0177', 'karen.miller@retailchain.com', '2020-09-25', 7500, 24, 'HIGH'),(78, 'Grand Rapids Furniture', 'STANDARD', 'Midwest', 'Grand Rapids', 'MI', 'USA', 'Michael Davis', '+1-616-555-0178', 'michael.davis@retailchain.com', '2021-06-08', 8000, 25, 'MEDIUM'),
(79, 'Salt Lake Tech', 'SPECIALTY', 'West', 'Salt Lake City', 'UT', 'USA', 'Patricia Johnson', '+1-801-555-0179', 'patricia.johnson@retailchain.com', '2022-01-18', 6000, 18, 'HIGH'),(80, 'Tallahassee Capital', 'STANDARD', 'South', 'Tallahassee', 'FL', 'USA', 'James Wilson', '+1-850-555-0180', 'james.wilson@retailchain.com', '2023-11-05', 8500, 26, 'MEDIUM'),(81, 'Rockford Manufacturing', 'STANDARD', 'Midwest', 'Rockford', 'IL', 'USA', 'Linda Garcia', '+1-815-555-0181', 'linda.garcia@retailchain.com', '2020-04-22', 8000, 25, 'MEDIUM'),(82, 'Cape Coral', 'STANDARD', 'South', 'Cape Coral', 'FL', 'USA', 'Daniel Martinez', '+1-239-555-0182', 'daniel.martinez@retailchain.com', '2021-08-15', 8500, 27, 'MEDIUM'),
(83, 'Dayton Aviation', 'SPECIALTY', 'Midwest', 'Dayton', 'OH', 'USA', 'Michelle Taylor', '+1-937-555-0183', 'michelle.taylor@retailchain.com', '2022-05-28', 7000, 22, 'HIGH'),(84, 'Fort Collins', 'STANDARD', 'West', 'Fort Collins', 'CO', 'USA', 'Kevin Brown', '+1-970-555-0184', 'kevin.brown@retailchain.com', '2023-03-15', 8000, 25, 'MEDIUM'),
(85, 'Sioux Falls', 'STANDARD', 'Midwest', 'Sioux Falls', 'SD', 'USA', 'Rachel Lee', '+1-605-555-0185', 'rachel.lee@retailchain.com', '2020-11-10', 8500, 26, 'MEDIUM'),(86, 'Springfield Capital', 'STANDARD', 'Midwest', 'Springfield', 'IL', 'USA', 'Andrew White', '+1-217-555-0186', 'andrew.white@retailchain.com', '2021-07-05', 8000, 25, 'MEDIUM'),
(87, 'Peoria Manufacturing', 'STANDARD', 'Midwest', 'Peoria', 'IL', 'USA', 'Nicole Clark', '+1-309-555-0187', 'nicole.clark@retailchain.com', '2022-12-18', 8500, 27, 'MEDIUM'),(88, 'Vancouver Pacific', 'STANDARD', 'West', 'Vancouver', 'WA', 'USA', 'Steven Anderson', '+1-360-555-0188', 'steven.anderson@retailchain.com', '2023-08-30', 8000, 25, 'MEDIUM'),
(89, 'Lakewood', 'STANDARD', 'West', 'Lakewood', 'CO', 'USA', 'Amanda Rodriguez', '+1-303-555-0189', 'amanda.rodriguez@retailchain.com', '2020-02-12', 8500, 26, 'MEDIUM'),(90, 'Thornton', 'STANDARD', 'West', 'Thornton', 'CO', 'USA', 'Timothy Miller', '+1-720-555-0190', 'timothy.miller@retailchain.com', '2021-10-25', 8000, 25, 'MEDIUM'),(91, 'Cary Research', 'SPECIALTY', 'South', 'Cary', 'NC', 'USA', 'Melissa Davis', '+1-919-555-0191', 'melissa.davis@retailchain.com', '2022-06-12', 6500, 20, 'HIGH'),(92, 'Coral Springs', 'STANDARD', 'South', 'Coral Springs', 'FL', 'USA', 'Charles Johnson', '+1-954-555-0192', 'charles.johnson@retailchain.com', '2023-01-28', 8500, 27, 'MEDIUM'),(93, 'Sterling Heights Auto', 'SPECIALTY', 'Midwest', 'Sterling Heights', 'MI', 'USA', 'Deborah Wilson', '+1-586-555-0193', 'deborah.wilson@retailchain.com', '2020-09-08', 7500, 24, 'HIGH'),(94, 'Stamford Financial', 'SPECIALTY', 'East', 'Stamford', 'CT', 'USA', 'Christopher Garcia', '+1-203-555-0194', 'christopher.garcia@retailchain.com', '2021-04-20', 6000, 18, 'HIGH'),
(95, 'Bellevue Tech', 'FLAGSHIP', 'West', 'Bellevue', 'WA', 'USA', 'Sarah Martinez', '+1-425-555-0195', 'sarah.martinez@retailchain.com', '2019-11-15', 17000, 50, 'PREMIUM'),(96, 'Thousand Oaks', 'STANDARD', 'West', 'Thousand Oaks', 'CA', 'USA', 'Matthew Taylor', '+1-805-555-0196', 'matthew.taylor@retailchain.com', '2022-08-08', 8000, 25, 'MEDIUM'),(97, 'Broken Arrow', 'STANDARD', 'South', 'Broken Arrow', 'OK', 'USA', 'Jennifer Brown', '+1-918-555-0197', 'jennifer.brown@retailchain.com', '2023-05-22', 8500, 26, 'MEDIUM'),(98, 'Warwick', 'STANDARD', 'East', 'Warwick', 'RI', 'USA', 'David Lee', '+1-401-555-0198', 'david.lee@retailchain.com', '2020-01-15', 8000, 25, 'MEDIUM'),(99, 'Westminster', 'STANDARD', 'West', 'Westminster', 'CO', 'USA', 'Lisa White', '+1-303-555-0199', 'lisa.white@retailchain.com', '2021-08-30', 8500, 27, 'MEDIUM'),(100, 'Centennial', 'FLAGSHIP', 'West', 'Centennial', 'CO', 'USA', 'Robert Clark', '+1-720-555-0200', 'robert.clark@retailchain.com', '2019-06-10', 16500, 49, 'PREMIUM');
CREATE TABLE Warehouses (
    warehouse_id INT PRIMARY KEY,warehouse_name VARCHAR(100),warehouse_type VARCHAR(50),region VARCHAR(50),city VARCHAR(100),state VARCHAR(50),
    country VARCHAR(50),manager_name VARCHAR(100),phone VARCHAR(20),email VARCHAR(100),opening_date DATE,warehouse_size_sqft INT,storage_capacity_units INT,current_inventory_level INT,
    employee_count INT,automation_level VARCHAR(20),climate_controlled BOOLEAN DEFAULT FALSE,hazmat_certified BOOLEAN DEFAULT FALSE,effective_start_date DATE DEFAULT '2024-01-01',effective_end_date DATE DEFAULT '9999-12-31',is_current BOOLEAN DEFAULT TRUE,record_version INT DEFAULT 1
);
INSERT INTO Warehouses (warehouse_id, warehouse_name, warehouse_type, region, city, state, country, manager_name, phone, email, opening_date, warehouse_size_sqft, storage_capacity_units, current_inventory_level, employee_count, automation_level, climate_controlled, hazmat_certified) VALUES
(1, 'West Coast Distribution Hub', 'REGIONAL_HUB', 'West', 'Los Angeles', 'CA', 'USA', 'Jennifer Chen', '+1-323-555-1001', 'jennifer.chen@supplychain.com', '2018-03-15', 500000, 100000, 75000, 150, 'HIGH', TRUE, TRUE),(2, 'East Coast Logistics Center', 'REGIONAL_HUB', 'East', 'Newark', 'NJ', 'USA', 'Michael Rodriguez', '+1-973-555-1002', 'michael.rodriguez@supplychain.com', '2017-05-20', 450000, 90000, 68000, 140, 'HIGH', TRUE, TRUE),(3, 'Midwest Processing Facility', 'REGIONAL_HUB', 'Midwest', 'Chicago', 'IL', 'USA', 'Sarah Kim', '+1-312-555-1003', 'sarah.kim@supplychain.com', '2019-01-10', 400000, 80000, 62000, 120, 'MEDIUM', TRUE, FALSE),(4, 'Texas Distribution Center', 'REGIONAL_HUB', 'South', 'Dallas', 'TX', 'USA', 'David Thompson', '+1-214-555-1004', 'david.thompson@supplychain.com', '2020-07-08', 350000, 70000, 54000, 110, 'MEDIUM', FALSE, TRUE),
(5, 'Pacific Northwest Hub', 'REGIONAL_HUB', 'West', 'Seattle', 'WA', 'USA', 'Lisa Wang', '+1-206-555-1005', 'lisa.wang@supplychain.com', '2018-11-22', 380000, 76000, 58000, 125, 'HIGH', TRUE, FALSE),(6, 'Florida Fulfillment Center', 'FULFILLMENT', 'South', 'Orlando', 'FL', 'USA', 'Robert Lee', '+1-407-555-1006', 'robert.lee@supplychain.com', '2021-02-14', 250000, 50000, 38000, 80, 'MEDIUM', FALSE, FALSE),
(7, 'Colorado Mountain Depot', 'LOCAL_DEPOT', 'West', 'Denver', 'CO', 'USA', 'Amanda Garcia', '+1-303-555-1007', 'amanda.garcia@supplychain.com', '2019-09-05', 150000, 30000, 23000, 45, 'LOW', FALSE, FALSE),(8, 'Boston Tech Warehouse', 'SPECIALTY', 'East', 'Boston', 'MA', 'USA', 'Christopher Davis', '+1-617-555-1008', 'christopher.davis@supplychain.com', '2020-12-01', 200000, 25000, 19000, 55, 'HIGH', TRUE, FALSE),
(9, 'Nevada Quick Ship', 'FULFILLMENT', 'West', 'Las Vegas', 'NV', 'USA', 'Michelle Brown', '+1-702-555-1009', 'michelle.brown@supplychain.com', '2021-03-18', 180000, 35000, 27000, 60, 'MEDIUM', FALSE, FALSE),(10, 'Phoenix Desert Storage', 'LOCAL_DEPOT', 'West', 'Phoenix', 'AZ', 'USA', 'Kevin Martinez', '+1-602-555-1010', 'kevin.martinez@supplychain.com', '2022-06-12', 120000, 24000, 18000, 35, 'LOW', FALSE, TRUE),
(11, 'Atlanta Southeast Hub', 'REGIONAL_HUB', 'South', 'Atlanta', 'GA', 'USA', 'Rachel Wilson', '+1-404-555-1011', 'rachel.wilson@supplychain.com', '2017-08-30', 420000, 84000, 65000, 130, 'HIGH', TRUE, TRUE),(12, 'Portland Green Depot', 'ECO_WAREHOUSE', 'West', 'Portland', 'OR', 'USA', 'Andrew Johnson', '+1-503-555-1012', 'andrew.johnson@supplychain.com', '2020-04-25', 100000, 20000, 15000, 30, 'MEDIUM', TRUE, FALSE),
(13, 'Minneapolis Cold Storage', 'COLD_STORAGE', 'Midwest', 'Minneapolis', 'MN', 'USA', 'Nicole Taylor', '+1-612-555-1013', 'nicole.taylor@supplychain.com', '2019-10-14', 80000, 16000, 12000, 25, 'LOW', TRUE, FALSE),(14, 'Houston Energy Depot', 'SPECIALTY', 'South', 'Houston', 'TX', 'USA', 'Steven Anderson', '+1-713-555-1014', 'steven.anderson@supplychain.com', '2021-01-20', 300000, 40000, 31000, 70, 'MEDIUM', FALSE, TRUE),
(15, 'Detroit Auto Parts', 'SPECIALTY', 'Midwest', 'Detroit', 'MI', 'USA', 'Kimberly Clark', '+1-313-555-1015', 'kimberly.clark@supplychain.com', '2018-06-18', 220000, 30000, 23000, 50, 'LOW', FALSE, FALSE),(16, 'San Diego Border Hub', 'CROSS_DOCK', 'West', 'San Diego', 'CA', 'USA', 'Joshua Miller', '+1-619-555-1016', 'joshua.miller@supplychain.com', '2020-11-08', 90000, 15000, 11000, 20, 'HIGH', FALSE, FALSE),
(17, 'Orlando Theme Supplies', 'SPECIALTY', 'South', 'Orlando', 'FL', 'USA', 'Amy Rodriguez', '+1-407-555-1017', 'amy.rodriguez@supplychain.com', '2021-05-30', 160000, 25000, 19000, 40, 'MEDIUM', FALSE, FALSE),(18, 'Nashville Music Warehouse', 'SPECIALTY', 'South', 'Nashville', 'TN', 'USA', 'Timothy Davis', '+1-615-555-1018', 'timothy.davis@supplychain.com', '2022-08-15', 140000, 22000, 17000, 35, 'LOW', FALSE, FALSE),
(19, 'Cleveland Industrial', 'LOCAL_DEPOT', 'Midwest', 'Cleveland', 'OH', 'USA', 'Melissa Wilson', '+1-216-555-1019', 'melissa.wilson@supplychain.com', '2019-02-10', 170000, 28000, 21000, 42, 'LOW', FALSE, TRUE),(20, 'Salt Lake Distribution', 'FULFILLMENT', 'West', 'Salt Lake City', 'UT', 'USA', 'Charles Garcia', '+1-801-555-1020', 'charles.garcia@supplychain.com', '2020-07-22', 190000, 32000, 24000, 48, 'MEDIUM', FALSE, FALSE),
(21, 'Tampa Bay Logistics', 'FULFILLMENT', 'South', 'Tampa', 'FL', 'USA', 'Deborah Martinez', '+1-813-555-1021', 'deborah.martinez@supplychain.com', '2021-12-05', 210000, 36000, 28000, 55, 'MEDIUM', FALSE, FALSE),(22, 'Kansas City Central', 'LOCAL_DEPOT', 'Midwest', 'Kansas City', 'MO', 'USA', 'Christopher Taylor', '+1-816-555-1022', 'christopher.taylor@supplychain.com', '2022-04-18', 130000, 26000, 20000, 38, 'LOW', FALSE, FALSE),
(23, 'Virginia Port Hub', 'CROSS_DOCK', 'East', 'Norfolk', 'VA', 'USA', 'Sarah Brown', '+1-757-555-1023', 'sarah.brown@supplychain.com', '2019-09-12', 110000, 18000, 14000, 28, 'HIGH', FALSE, TRUE),(24, 'Sacramento Valley', 'LOCAL_DEPOT', 'West', 'Sacramento', 'CA', 'USA', 'Matthew Lee', '+1-916-555-1024', 'matthew.lee@supplychain.com', '2020-12-30', 160000, 30000, 23000, 45, 'MEDIUM', FALSE, FALSE),
(25, 'Columbus Gateway', 'FULFILLMENT', 'Midwest', 'Columbus', 'OH', 'USA', 'Jennifer White', '+1-614-555-1025', 'jennifer.white@supplychain.com', '2018-08-15', 280000, 45000, 35000, 75, 'HIGH', TRUE, FALSE),(26, 'Fort Worth Distribution', 'LOCAL_DEPOT', 'South', 'Fort Worth', 'TX', 'USA', 'David Clark', '+1-817-555-1026', 'david.clark@supplychain.com', '2021-01-25', 150000, 28000, 21000, 42, 'MEDIUM', FALSE, FALSE),
(27, 'Charlotte Hub', 'FULFILLMENT', 'South', 'Charlotte', 'NC', 'USA', 'Lisa Anderson', '+1-704-555-1027', 'lisa.anderson@supplychain.com','2021-06-22', 240000, 42000, 32000, 68, 'MEDIUM', FALSE, FALSE),(28, 'Milwaukee Brewery Depot', 'SPECIALTY', 'Midwest', 'Milwaukee', 'WI', 'USA', 'Robert Rodriguez', '+1-414-555-1028', 'robert.rodriguez@supplychain.com', '2022-03-10', 180000, 32000, 25000, 50, 'LOW', TRUE, FALSE),
(29, 'San Antonio South', 'LOCAL_DEPOT', 'South', 'San Antonio', 'TX', 'USA', 'Karen Miller', '+1-210-555-1029', 'karen.miller@supplychain.com', '2020-10-18', 140000, 25000, 19000, 40, 'MEDIUM', FALSE, FALSE),(30, 'Omaha Agriculture Hub', 'SPECIALTY', 'Midwest', 'Omaha', 'NE', 'USA', 'Michael Davis', '+1-402-555-1030', 'michael.davis@supplychain.com', '2019-04-08', 200000, 35000, 27000, 55, 'LOW', FALSE, TRUE);
CREATE TABLE Inventory (
    inventory_id INT PRIMARY KEY,warehouse_id INT,product_id INT,store_id INT,
    current_stock INT,reorder_point INT,max_stock_level INT,last_restock_date DATE,
    stock_value DECIMAL(12, 2),stock_status VARCHAR(20),days_of_supply INT,stock_out_risk_score DECIMAL(3, 2),
    last_movement_date DATE,movement_velocity VARCHAR(20),effective_start_date DATE DEFAULT '2024-01-01',effective_end_date DATE DEFAULT '9999-12-31',
    is_current BOOLEAN DEFAULT TRUE,record_version INT DEFAULT 1,created_timestamp TIMESTAMP DEFAULT CURRENT_TIMESTAMP,updated_timestamp TIMESTAMP DEFAULT CURRENT_TIMESTAMP,
    FOREIGN KEY (warehouse_id) REFERENCES Warehouses(warehouse_id),FOREIGN KEY (product_id) REFERENCES Products(product_id)
);
INSERT INTO Inventory (inventory_id, warehouse_id, product_id, store_id, current_stock, reorder_point, max_stock_level, last_restock_date, stock_value, stock_status, days_of_supply, stock_out_risk_score, last_movement_date, movement_velocity) VALUES
(1, 1, 1, 1, 150, 50, 300, '2024-01-15', 3000.00, 'HEALTHY', 15, 0.10, '2024-01-20', 'FAST'),(2, 1, 2, 1, 25, 30, 200, '2024-01-10', 375.00, 'LOW', 5, 0.85, '2024-01-18', 'SLOW'),
(3, 2, 3, 2, 200, 75, 400, '2024-01-12', 10000.00, 'HEALTHY', 20, 0.15, '2024-01-19', 'FAST'),(4, 2, 4, 2, 45, 40, 250, '2024-01-14', 450.00, 'CRITICAL', 7, 0.75, '2024-01-17', 'MEDIUM'),
(5, 3, 5, 3, 180, 60, 350, '2024-01-16', 4500.00, 'HEALTHY', 18, 0.20, '2024-01-21', 'FAST'),(6, 3, 6, 3, 35, 45, 280, '2024-01-08', 1050.00, 'LOW', 6, 0.80, '2024-01-16', 'SLOW'),
(7, 4, 7, 4, 120, 55, 320, '2024-01-13', 4200.00, 'HEALTHY', 12, 0.25, '2024-01-20', 'MEDIUM'),(8, 4, 8, 4, 220, 80, 450, '2024-01-11', 8800.00, 'HEALTHY', 22, 0.12, '2024-01-22', 'FAST'),
(9, 5, 9, 5, 30, 35, 200, '2024-01-09', 360.00, 'CRITICAL', 4, 0.90, '2024-01-15', 'SLOW'),(10, 5, 10, 5, 165, 65, 380, '2024-01-17', 3630.00, 'HEALTHY', 16, 0.18, '2024-01-23', 'FAST'),
(11, 6, 11, 6, 85, 50, 300, '2024-01-14', 2720.00, 'HEALTHY', 14, 0.30, '2024-01-19', 'MEDIUM'),(12, 6, 12, 6, 42, 48, 290, '2024-01-10', 1764.00, 'CRITICAL', 8, 0.70, '2024-01-18', 'SLOW'),(13, 7, 13, 7, 195, 70, 400, '2024-01-15', 10140.00, 'HEALTHY', 19, 0.14, '2024-01-21', 'FAST'),(14, 7, 14, 7, 28, 32, 180, '2024-01-07', 308.00, 'CRITICAL', 3, 0.95, '2024-01-14', 'SLOW'),
(15, 8, 15, 8, 140, 58, 340, '2024-01-16', 2940.00, 'HEALTHY', 13, 0.22, '2024-01-20', 'MEDIUM'),(16, 8, 16, 8, 175, 62, 360, '2024-01-12', 5425.00, 'HEALTHY', 17, 0.16, '2024-01-22', 'FAST'),(17, 9, 17, 9, 38, 42, 250, '2024-01-09', 1558.00, 'CRITICAL', 6, 0.82, '2024-01-17', 'SLOW'),(18, 9, 18, 9, 210, 75, 420, '2024-01-13', 10710.00, 'HEALTHY', 21, 0.13, '2024-01-23', 'FAST'),
(19, 10, 19, 10, 92, 52, 310, '2024-01-11', 1196.00, 'HEALTHY', 11, 0.35, '2024-01-19', 'MEDIUM'),(20, 10, 20, 10, 155, 68, 390, '2024-01-17', 3565.00, 'HEALTHY', 15, 0.19, '2024-01-21', 'FAST'),(21, 11, 21, 11, 48, 38, 220, '2024-01-08', 1584.00, 'CRITICAL', 9, 0.65, '2024-01-16', 'SLOW'),(22, 11, 22, 22, 225, 82, 460, '2024-01-14', 9675.00, 'HEALTHY', 23, 0.11, '2024-01-22', 'FAST'),
(23, 12, 23, 23, 115, 55, 325, '2024-01-15', 6095.00, 'HEALTHY', 12, 0.28, '2024-01-20', 'MEDIUM'),(24, 12, 24, 24, 33, 36, 210, '2024-01-06', 462.00, 'CRITICAL', 5, 0.87, '2024-01-15', 'SLOW'),(25, 13, 25, 25, 170, 60, 350, '2024-01-16', 4080.00, 'HEALTHY', 17, 0.17, '2024-01-21', 'FAST'),(26, 13, 26, 26, 78, 48, 280, '2024-01-10', 2652.00, 'HEALTHY', 10, 0.40, '2024-01-18', 'MEDIUM'),
(27, 14, 27, 27, 205, 78, 440, '2024-01-12', 9020.00, 'HEALTHY', 20, 0.12, '2024-01-23', 'FAST'),(28, 14, 28, 28, 41, 44, 260, '2024-01-09', 2214.00, 'CRITICAL', 7, 0.78, '2024-01-17', 'SLOW'),(29, 15, 29, 29, 132, 56, 330, '2024-01-13', 1980.00, 'HEALTHY', 13, 0.24, '2024-01-19', 'MEDIUM'),(30, 15, 30, 30, 188, 72, 410, '2024-01-17', 4700.00, 'HEALTHY', 18, 0.15, '2024-01-22', 'FAST');
CREATE TABLE Shipments (
    shipment_id INT PRIMARY KEY,order_id INT,
    supplier_id INT,warehouse_id INT,
    shipment_date DATE,expected_delivery_date DATE,
    actual_delivery_date DATE,shipment_status VARCHAR(20),
    tracking_number VARCHAR(50),carrier_name VARCHAR(100),
    shipping_cost DECIMAL(10, 2),weight_kg DECIMAL(8, 2),
    volume_cubic_meters DECIMAL(8, 2),delivery_time_days INT,
    is_late BOOLEAN DEFAULT FALSE,delay_reason VARCHAR(200),
    quality_rating DECIMAL(2, 1),delivery_performance_score DECIMAL(3, 2),
    created_timestamp TIMESTAMP DEFAULT CURRENT_TIMESTAMP,updated_timestamp TIMESTAMP DEFAULT CURRENT_TIMESTAMP,
    FOREIGN KEY (order_id) REFERENCES Orders(order_id),FOREIGN KEY (supplier_id) REFERENCES Suppliers(supplier_id),
    FOREIGN KEY (warehouse_id) REFERENCES Warehouses(warehouse_id)
);
INSERT INTO Shipments (shipment_id, order_id, supplier_id, warehouse_id, shipment_date, expected_delivery_date, actual_delivery_date, shipment_status, tracking_number, carrier_name, shipping_cost, weight_kg, volume_cubic_meters, delivery_time_days, is_late, delay_reason, quality_rating, delivery_performance_score) VALUES
(1, 1, 1, 1, '2024-01-05', '2024-01-08', '2024-01-08', 'DELIVERED', 'TRK001001', 'FastShip Logistics', 45.50, 25.5, 0.8, 3, FALSE, NULL, 4.5, 0.95),(2, 2, 2, 2, '2024-01-06', '2024-01-09', '2024-01-11', 'DELIVERED', 'TRK001002', 'QuickMove Express', 52.75, 18.2, 0.6, 5, TRUE, 'Weather delay', 3.8, 0.75),(3, 3, 3, 3, '2024-01-07', '2024-01-10', '2024-01-09', 'DELIVERED', 'TRK001003', 'SpeedyTrans', 38.25, 42.8, 1.2, 2, FALSE, NULL, 4.8, 0.98),
(4, 4, 4, 4, '2024-01-08', '2024-01-11', '2024-01-13', 'DELIVERED', 'TRK001004', 'ReliableCargo', 67.90, 35.6, 1.0, 5, TRUE, 'Traffic congestion', 3.5, 0.68),(5, 5, 5, 5, '2024-01-09', '2024-01-12', '2024-01-12', 'DELIVERED', 'TRK001005', 'FastShip Logistics', 41.20, 28.9, 0.9, 3, FALSE, NULL, 4.6, 0.96),(6, 6, 6, 6, '2024-01-10', '2024-01-13', '2024-01-15', 'DELIVERED', 'TRK001006', 'GlobalFreight', 74.80, 51.3, 1.5, 5, TRUE, 'Customs delay', 3.2, 0.62),
(7, 7, 7, 7, '2024-01-11', '2024-01-14', '2024-01-14', 'DELIVERED', 'TRK001007', 'SwiftMove', 33.60, 19.7, 0.7, 3, FALSE, NULL, 4.7, 0.97),(8, 8, 8, 8, '2024-01-12', '2024-01-15', '2024-01-14', 'DELIVERED', 'TRK001008', 'ExpressLine', 29.95, 15.4, 0.5, 2, FALSE, NULL, 4.9, 0.99),(9, 9, 9, 9, '2024-01-13', '2024-01-16', '2024-01-18', 'DELIVERED', 'TRK001009', 'QuickMove Express', 58.40, 33.2, 1.1, 5, TRUE, 'Vehicle breakdown', 3.6, 0.70),
(10, 10, 10, 10, '2024-01-14', '2024-01-17', '2024-01-17', 'DELIVERED', 'TRK001010', 'FastShip Logistics', 46.85, 26.8, 0.8, 3, FALSE, NULL, 4.5, 0.95),(11, 11, 11, 11, '2024-01-15', '2024-01-18', '2024-01-20', 'DELIVERED', 'TRK001011', 'ReliableCargo', 69.30, 38.5, 1.3, 5, TRUE, 'Port congestion', 3.4, 0.65),(12, 12, 12, 12, '2024-01-16', '2024-01-19', '2024-01-19', 'DELIVERED', 'TRK001012', 'SpeedyTrans', 35.70, 21.6, 0.7, 3, FALSE, NULL, 4.8, 0.98),
(13, 13, 13, 13, '2024-01-17', '2024-01-20', '2024-01-19', 'DELIVERED', 'TRK001013', 'ExpressLine', 27.50, 14.2, 0.4, 2, FALSE, NULL, 4.9, 0.99),(14, 14, 14, 14, '2024-01-18', '2024-01-21', '2024-01-23', 'DELIVERED', 'TRK001014', 'GlobalFreight', 81.25, 47.9, 1.6, 5, TRUE, 'Mechanical issues', 3.1, 0.58),(15, 15, 15, 15, '2024-01-19', '2024-01-22', '2024-01-22', 'DELIVERED', 'TRK001015', 'SwiftMove', 39.80, 23.7, 0.8, 3, FALSE, NULL, 4.7, 0.97),
(16, 16, 16, 16, '2024-01-20', '2024-01-23', '2024-01-25', 'DELIVERED', 'TRK001016', 'QuickMove Express', 61.95, 36.4, 1.2, 5, TRUE, 'Route optimization', 3.7, 0.72),(17, 17, 17, 17, '2024-01-21', '2024-01-24', '2024-01-24', 'DELIVERED', 'TRK001017', 'FastShip Logistics', 43.15, 25.1, 0.9, 3, FALSE, NULL, 4.6, 0.96),(18, 18, 18, 18, '2024-01-22', '2024-01-25', '2024-01-24', 'DELIVERED', 'TRK001018', 'ExpressLine', 31.40, 17.8, 0.6, 2, FALSE, NULL, 4.9, 0.99),
(19, 19, 19, 19, '2024-01-23', '2024-01-26', '2024-01-28', 'DELIVERED', 'TRK001019', 'ReliableCargo', 73.60, 42.3, 1.4, 5, TRUE, 'Loading dock delay', 3.3, 0.63),(20, 20, 20, 20, '2024-01-24', '2024-01-27', '2024-01-27', 'DELIVERED', 'TRK001020', 'SpeedyTrans', 37.90, 22.5, 0.8, 3, FALSE, NULL, 4.8, 0.98),(21, 21, 21, 21, '2024-01-25', '2024-01-28', '2024-01-30', 'DELIVERED', 'TRK001021', 'GlobalFreight', 78.45, 45.7, 1.5, 5, TRUE, 'Documentation error', 3.0, 0.55),
(22, 22, 22, 22, '2024-01-26', '2024-01-29', '2024-01-29', 'DELIVERED', 'TRK001022', 'SwiftMove', 40.25, 24.3, 0.8, 3, FALSE, NULL, 4.7, 0.97),(23, 23, 23, 23, '2024-01-27', '2024-01-30', '2024-01-29', 'DELIVERED', 'TRK001023', 'ExpressLine', 28.75, 16.1, 0.5, 2, FALSE, NULL, 4.9, 0.99),(24, 24, 24, 24, '2024-01-28', '2024-01-31', '2024-02-02', 'DELIVERED', 'TRK001024', 'QuickMove Express', 65.30, 39.8, 1.3, 5, TRUE, 'Driver unavailability', 3.6, 0.69),
(25, 25, 25, 25, '2024-01-29', '2024-02-01', '2024-02-01', 'DELIVERED', 'TRK001025', 'FastShip Logistics', 44.60, 27.2, 0.9, 3, FALSE, NULL, 4.5, 0.95),(26, 26, 26, 26, '2024-01-30', '2024-02-02', '2024-02-04', 'DELIVERED', 'TRK001026', 'ReliableCargo', 71.85, 41.6, 1.4, 5, TRUE, 'Fuel shortage', 3.2, 0.61),(27, 27, 27, 27, '2024-01-31', '2024-02-03', '2024-02-03', 'DELIVERED', 'TRK001027', 'SpeedyTrans', 36.40, 20.9, 0.7, 3, FALSE, NULL, 4.8, 0.98),
(28, 28, 28, 28, '2024-02-01', '2024-02-04', '2024-02-03', 'DELIVERED', 'TRK001028', 'ExpressLine', 26.80, 13.7, 0.4, 2, FALSE, NULL, 4.9, 0.99),(29, 29, 29, 29, '2024-02-02', '2024-02-05', '2024-02-07', 'DELIVERED', 'TRK001029', 'GlobalFreight', 82.90, 49.2, 1.7, 5, TRUE, 'Warehouse capacity', 2.9, 0.52),(30, 30, 30, 30, '2024-02-03', '2024-02-06', '2024-02-06', 'DELIVERED', 'TRK001030', 'SwiftMove', 41.75, 25.8, 0.9, 3, FALSE, NULL, 4.7, 0.97);
COMMIT;